0,0.49994999170303345
0.01,0.49946168065071106
0.02,0.49799272418022156
0.03,0.495550274848938
0.04,0.49220040440559387
0.05,0.4879589378833771
0.06,0.48276960849761963
0.07,0.476669579744339
0.08,0.46964776515960693
0.09,0.46161556243896484
0.1,0.4526614844799042
0.11,0.4428676962852478
0.12,0.432828813791275
0.13,0.4207999110221863
0.14,0.40832018852233887
0.15,0.39439958333969116
0.16,0.3793170750141144
0.17,0.3635442554950714
0.18,0.34661418199539185
0.19,0.3288261294364929
0.2,0.30983075499534607
0.21,0.29056867957115173
0.22,0.2739230990409851
0.23,0.26624247431755066
0.24,0.2579156160354614
0.25,0.2495848685503006
0.26,0.23548728227615356
0.27,0.22123466432094574
0.28,0.20582836866378784
0.29,0.19441093504428864
0.3,0.17749643325805664
0.31,0.15388116240501404
0.32,0.13460643589496613
0.33,0.11436928808689117
0.34,0.09607161581516266
0.35,0.0823652446269989
0.36,0.07107944041490555
0.37,0.06819929927587509
0.38,0.054857488721609116
0.39,0.045194823294878006
0.4,0.04066230356693268
0.41,0.03590991720557213
0.42,0.028697744011878967
0.43,0.023898998275399208
0.44,0.020250199362635612
0.45,0.01779370941221714
0.46,0.014813238754868507
0.47,0.013818644918501377
0.48,0.01408520620316267
0.49,0.013279776088893414
0.5,0.011928495950996876
0.51,0.01626075617969036
0.52,0.01880178228020668
0.53,0.02026098221540451
0.54,0.02430029958486557
0.55,0.030187711119651794
0.56,0.03628397732973099
0.57,0.04389936476945877
0.58,0.051562223583459854
0.59,0.060074128210544586
0.6,0.06973914057016373
0.61,0.0797731801867485
0.62,0.0904693529009819
0.63,0.10179202258586884
0.64,0.1128644272685051
0.65,0.12473020702600479
0.66,0.13918165862560272
0.67,0.15365393459796906
0.68,0.1684238314628601
0.69,0.1819169819355011
0.7,0.1955496072769165
0.71,0.20869755744934082
0.72,0.22244437038898468
0.73,0.2361506223678589
0.74,0.24918921291828156
0.75,0.26378169655799866
0.76,0.2783373296260834
0.77,0.29173344373703003
0.78,0.30480626225471497
0.79,0.31771203875541687
0.8,0.3293001353740692
0.81,0.3399985134601593
0.82,0.3499949872493744
0.83,0.35927799344062805
0.84,0.36925187706947327
0.85,0.378900408744812
0.86,0.3871203064918518
0.87,0.3947715163230896
0.88,0.40136992931365967
0.89,0.4073221683502197
0.9,0.41231900453567505
0.91,0.41679003834724426
0.92,0.420224666595459
0.93,0.42280256748199463
0.94,0.42438989877700806
0.95,0.4249424338340759
0.96,0.4246061444282532
0.97,0.423383504152298
0.98,0.42104390263557434
0.99,0.4177929162979126
1,0.4138360321521759
1.01,0.40908581018447876
1.02,0.404132217168808
1.03,0.3982490003108978
1.04,0.3916481137275696
1.05,0.38434112071990967
1.06,0.37643635272979736
1.07,0.3683103621006012
1.08,0.35933229327201843
1.09,0.34978625178337097
1.1,0.33987370133399963
1.11,0.3293016254901886
1.12,0.3180503845214844
1.13,0.3061683177947998
1.14,0.29428309202194214
1.15,0.28217461705207825
1.16,0.27006396651268005
1.17,0.2580758035182953
1.18,0.24639715254306793
1.19,0.23456940054893494
1.2,0.22244703769683838
1.21,0.2103290855884552
1.22,0.19829541444778442
1.23,0.18679647147655487
1.24,0.17541104555130005
1.25,0.16437387466430664
1.26,0.15399974584579468
1.27,0.1439557522535324
1.28,0.1341715306043625
1.29,0.12481380254030228
1.3,0.11567230522632599
1.31,0.10721997171640396
1.32,0.09933027625083923
1.33,0.09199831634759903
1.34,0.08563364297151566
1.35,0.08151956647634506
1.36,0.07434556633234024
1.37,0.07213013619184494
1.38,0.06783345341682434
1.39,0.0650644525885582
1.4,0.06463181227445602
1.41,0.0638362467288971
1.42,0.062184035778045654
1.43,0.06065276265144348
1.44,0.06075798720121384
1.45,0.06082949414849281
1.46,0.062222085893154144
1.47,0.06526829302310944
1.48,0.06954444199800491
1.49,0.07220854610204697
1.5,0.07619423419237137
1.51,0.08081872016191483
1.52,0.08690065890550613
1.53,0.09309244155883789
1.54,0.1000870019197464
1.55,0.10788478702306747
1.56,0.11643614619970322
1.57,0.12513773143291473
1.58,0.1339775174856186
1.59,0.14309442043304443
1.6,0.15250027179718018
1.61,0.1620786339044571
1.62,0.172085240483284
1.63,0.18246540427207947
1.64,0.1929013580083847
1.65,0.20330573618412018
1.66,0.21360842883586884
1.67,0.22395773231983185
1.68,0.2344108521938324
1.69,0.2449485808610916
1.7,0.2550964951515198
1.71,0.2651282250881195
1.72,0.27500125765800476
1.73,0.2842453420162201
1.74,0.29341959953308105
1.75,0.3020826280117035
1.76,0.3102463483810425
1.77,0.318424791097641
1.78,0.32620951533317566
1.79,0.3334505558013916
1.8,0.34028691053390503
1.81,0.3464304208755493
1.82,0.3518579602241516
1.83,0.35689249634742737
1.84,0.3610747158527374
1.85,0.3647100329399109
1.86,0.3676385283470154
1.87,0.3701408803462982
1.88,0.37201127409935
1.89,0.3731972277164459
1.9,0.3736895024776459
1.91,0.37344542145729065
1.92,0.3726702332496643
1.93,0.37128397822380066
1.94,0.3690468370914459
1.95,0.366109162569046
1.96,0.3627161681652069
1.97,0.3587968051433563
1.98,0.3544340431690216
1.99,0.34954723715782166
2,0.34402719140052795
2.01,0.33796143531799316
2.02,0.33160629868507385
2.03,0.3245108127593994
2.04,0.31705209612846375
2.05,0.30929118394851685
2.06,0.30134493112564087
2.07,0.2932373583316803
2.08,0.2848382294178009
2.09,0.2760244905948639
2.1,0.26702865958213806
2.11,0.2578916847705841
2.12,0.24880929291248322
2.13,0.23968924582004547
2.14,0.2307075411081314
2.15,0.22162531316280365
2.16,0.21254569292068481
2.17,0.2036197930574417
2.18,0.19487017393112183
2.19,0.1862427294254303
2.2,0.1779506802558899
2.21,0.16995905339717865
2.22,0.1620854288339615
2.23,0.1544012576341629
2.24,0.14704576134681702
2.25,0.1401968002319336
2.26,0.13382822275161743
2.27,0.12750640511512756
2.28,0.12246938049793243
2.29,0.11668023467063904
2.3,0.11241042613983154
2.31,0.10855094343423843
2.32,0.10759421437978745
2.33,0.10202571749687195
2.34,0.10309931635856628
2.35,0.1002769023180008
2.36,0.09955547749996185
2.37,0.09816032648086548
2.38,0.098298579454422
2.39,0.09765587747097015
2.4,0.0993589535355568
2.41,0.10054785013198853
2.42,0.10299468785524368
2.43,0.10450783371925354
2.44,0.10708653181791306
2.45,0.11086143553256989
2.46,0.113853819668293
2.47,0.1187138706445694
2.48,0.12317298352718353
2.49,0.12944941222667694
2.5,0.1355588734149933
2.51,0.1418417990207672
2.52,0.147266685962677
2.53,0.15500406920909882
2.54,0.16138602793216705
2.55,0.16892990469932556
2.56,0.17634794116020203
2.57,0.18416863679885864
2.58,0.1925133317708969
2.59,0.19990837574005127
2.6,0.20864978432655334
2.61,0.2166740894317627
2.62,0.22473430633544922
2.63,0.23303358256816864
2.64,0.24115194380283356
2.65,0.24884912371635437
2.66,0.25648850202560425
2.67,0.2640839219093323
2.68,0.2715676724910736
2.69,0.2787872552871704
2.7,0.2857687473297119
2.71,0.2923448979854584
2.72,0.2984192967414856
2.73,0.3044937551021576
2.74,0.3098912537097931
2.75,0.31482744216918945
2.76,0.31952789425849915
2.77,0.32391810417175293
2.78,0.3278035521507263
2.79,0.3312230408191681
2.8,0.3341435194015503
2.81,0.33662164211273193
2.82,0.338421106338501
2.83,0.3395475447177887
2.84,0.3405062258243561
2.85,0.34101951122283936
2.86,0.340911865234375
2.87,0.3402116298675537
2.88,0.3390103578567505
2.89,0.3373439908027649
2.9,0.33525940775871277
2.91,0.3326377272605896
2.92,0.3294605314731598
2.93,0.3258204758167267
2.94,0.32180100679397583
2.95,0.31754928827285767
2.96,0.312921404838562
2.97,0.30788031220436096
2.98,0.3023742437362671
2.99,0.2965399920940399
3,0.2904077470302582
3.01,0.2840873897075653
3.02,0.2774980068206787
3.03,0.2708841562271118
3.04,0.2640599310398102
3.05,0.2569875419139862
3.06,0.2497928887605667
3.07,0.24250251054763794
3.08,0.2352394312620163
3.09,0.22799356281757355
3.1,0.2208009660243988
3.11,0.21371187269687653
3.12,0.2066749930381775
3.13,0.1996484249830246
3.14,0.19267544150352478
3.15,0.18585951626300812
3.16,0.17940780520439148
3.17,0.17312048375606537
3.18,0.16690871119499207
3.19,0.16361898183822632
3.2,0.15590521693229675
3.21,0.15318618714809418
3.22,0.14922139048576355
3.23,0.14407652616500854
3.24,0.13965004682540894
3.25,0.13540716469287872
3.26,0.13269631564617157
3.27,0.13023626804351807
3.28,0.12838175892829895
3.29,0.12628325819969177
3.3,0.12597668170928955
3.31,0.12546329200267792
3.32,0.12448418885469437
3.33,0.1237296387553215
3.34,0.12421800196170807
3.35,0.12419356405735016
3.36,0.12495120614767075
3.37,0.12598516047000885
3.38,0.1279294490814209
3.39,0.13004641234874725
3.4,0.134260892868042
3.41,0.13708393275737762
3.42,0.13960587978363037
3.43,0.14346016943454742
3.44,0.14756394922733307
3.45,0.15222397446632385
3.46,0.15728595852851868
3.47,0.16378042101860046
3.48,0.16821296513080597
3.49,0.17399388551712036
3.5,0.17996051907539368
3.51,0.18720324337482452
3.52,0.1923876404762268
3.53,0.199296772480011
3.54,0.20591793954372406
3.55,0.21208547055721283
3.56,0.21857738494873047
3.57,0.2253987342119217
3.58,0.23194243013858795
3.59,0.23836290836334229
3.6,0.24455831944942474
3.61,0.2509405314922333
3.62,0.2572249174118042
3.63,0.26291847229003906
3.64,0.26894262433052063
3.65,0.2743678092956543
3.66,0.28021448850631714
3.67,0.28529834747314453
3.68,0.28960633277893066
3.69,0.29379409551620483
3.7,0.2981840670108795
3.71,0.3025263845920563
3.72,0.30589964985847473
3.73,0.3089359998703003
3.74,0.3116154372692108
3.75,0.31350934505462646
3.76,0.3151078224182129
3.77,0.3175368309020996
3.78,0.31875476241111755
3.79,0.31943923234939575
3.8,0.3193435072898865
3.81,0.3190425932407379
3.82,0.31861934065818787
3.83,0.3175690472126007
3.84,0.31594544649124146
3.85,0.314159095287323
3.86,0.3121427595615387
3.87,0.3094117343425751
3.88,0.3067155182361603
3.89,0.3033578395843506
3.9,0.2998407781124115
3.91,0.295886367559433
3.92,0.291521817445755
3.93,0.28686681389808655
3.94,0.2822299301624298
3.95,0.27735430002212524
3.96,0.2719985842704773
3.97,0.2666037976741791
3.98,0.26122134923934937
3.99,0.25553473830223083
4,0.24940943717956543
4.01,0.24366475641727448
4.02,0.23777246475219727
4.03,0.23183879256248474
4.04,0.22583776712417603
4.05,0.21992339193820953
4.06,0.21393318474292755
4.07,0.207663893699646
4.08,0.20221813023090363
4.09,0.19656896591186523
4.1,0.19093963503837585
4.11,0.18571361899375916
4.12,0.18043512105941772
4.13,0.1739436239004135
4.14,0.17204689979553223
4.15,0.17002561688423157
4.16,0.16405172646045685
4.17,0.15836744010448456
4.18,0.15572713315486908
4.19,0.1552112102508545
4.2,0.15215171873569489
4.21,0.1495690792798996
4.22,0.1461716741323471
4.23,0.14201830327510834
4.24,0.14384149014949799
4.25,0.13731153309345245
4.26,0.14192993938922882
4.27,0.14162032306194305
4.28,0.1413198560476303
4.29,0.14063207805156708
4.3,0.1399301141500473
4.31,0.13978025317192078
4.32,0.1448032557964325
4.33,0.14608484506607056
4.34,0.1474536806344986
4.35,0.1494741141796112
4.36,0.150668665766716
4.37,0.1552317887544632
4.38,0.15758703649044037
4.39,0.1630411595106125
4.4,0.1652398407459259
4.41,0.1705944538116455
4.42,0.17415548861026764
4.43,0.17839619517326355
4.44,0.1850062757730484
4.45,0.19068287312984467
4.46,0.1949874460697174
4.47,0.19945701956748962
4.48,0.2057916224002838
4.49,0.21067917346954346
4.5,0.21567067503929138
4.51,0.2217710018157959
4.52,0.22643420100212097
4.53,0.2314886748790741
4.54,0.2378809154033661
4.55,0.24278609454631805
4.56,0.24785414338111877
4.57,0.25343698263168335
4.58,0.258792906999588
4.59,0.2636331617832184
4.6,0.2681577503681183
4.61,0.2720012664794922
4.62,0.2763034701347351
4.63,0.28011858463287354
4.64,0.2837868332862854
4.65,0.2873218357563019
4.66,0.29071182012557983
4.67,0.29368293285369873
4.68,0.296088844537735
4.69,0.2982434928417206
4.7,0.300188809633255
4.71,0.3019002377986908
4.72,0.30318066477775574
4.73,0.3041795492172241
4.74,0.30454015731811523
4.75,0.3044581413269043
4.76,0.3041543960571289
4.77,0.30365434288978577
4.78,0.30259081721305847
4.79,0.30108654499053955
4.8,0.29958733916282654
4.81,0.2977316975593567
4.82,0.2955116331577301
4.83,0.2928643822669983
4.84,0.28983965516090393
4.85,0.28654831647872925
4.86,0.2830801010131836
4.87,0.2794579863548279
4.88,0.2756654918193817
4.89,0.27177369594573975
4.9,0.26754146814346313
4.91,0.26279914379119873
4.92,0.257968008518219
4.93,0.2532302141189575
4.94,0.24840819835662842
4.95,0.2435835897922516
4.96,0.2386425882577896
4.97,0.23360738158226013
4.98,0.22854116559028625
4.99,0.22343771159648895
5,0.2181653082370758
5.01,0.212999626994133
5.02,0.2078457921743393
5.03,0.20271079242229462
5.04,0.19886092841625214
5.05,0.19558000564575195
5.06,0.19165009260177612
5.07,0.183651864528656
5.08,0.18409857153892517
5.09,0.17866022884845734
5.1,0.17337848246097565
5.11,0.1718994826078415
5.12,0.1687408834695816
5.13,0.1659517139196396
5.14,0.16376741230487823
5.15,0.16343307495117188
5.16,0.16053399443626404
5.17,0.15775322914123535
5.18,0.15573172271251678
5.19,0.15345227718353271
5.2,0.15250901877880096
5.21,0.15335750579833984
5.22,0.15218058228492737
5.23,0.15280957520008087
5.24,0.15407532453536987
5.25,0.15242287516593933
5.26,0.15443958342075348
5.27,0.15590564906597137
5.28,0.15846586227416992
5.29,0.15984824299812317
5.3,0.16194888949394226
5.31,0.16609667241573334
5.32,0.16820141673088074
5.33,0.16912566125392914
5.34,0.1737213283777237
5.35,0.17607077956199646
5.36,0.18061049282550812
5.37,0.18349656462669373
5.38,0.1870557963848114
5.39,0.19236573576927185
5.4,0.19628936052322388
5.41,0.2007266730070114
5.42,0.2058643102645874
5.43,0.2111690193414688
5.44,0.21485085785388947
5.45,0.21919314563274384
5.46,0.22621741890907288
5.47,0.22919215261936188
5.48,0.23421089351177216
5.49,0.23829098045825958
5.5,0.2426508516073227
5.51,0.24755840003490448
5.52,0.25165680050849915
5.53,0.256299763917923
5.54,0.25977176427841187
5.55,0.26385498046875
5.56,0.2679227590560913
5.57,0.2713702619075775
5.58,0.27469971776008606
5.59,0.2776733636856079
5.6,0.28047019243240356
5.61,0.28336188197135925
5.62,0.2857882082462311
5.63,0.2878032326698303
5.64,0.28947895765304565
5.65,0.2908460795879364
5.66,0.2918994128704071
5.67,0.2927395701408386
5.68,0.2931373715400696
5.69,0.29353979229927063
5.7,0.29331037402153015
5.71,0.2926907539367676
5.72,0.2920745015144348
5.73,0.2910371720790863
5.74,0.28965774178504944
5.75,0.2881414592266083
5.76,0.2863072156906128
5.77,0.2840959131717682
5.78,0.28153809905052185
5.79,0.27902841567993164
5.8,0.27610668540000916
5.81,0.27301034331321716
5.82,0.2696068584918976
5.83,0.2659529149532318
5.84,0.2623146176338196
5.85,0.2586566209793091
5.86,0.25462743639945984
5.87,0.25040102005004883
5.88,0.24612043797969818
5.89,0.24191947281360626
5.9,0.2374546229839325
5.91,0.23290832340717316
5.92,0.22870329022407532
5.93,0.2240806668996811
5.94,0.21960178017616272
5.95,0.215291827917099
5.96,0.2108241468667984
5.97,0.20639421045780182
5.98,0.2018284648656845
5.99,0.1988839954137802
6,0.19481109082698822
6.01,0.19256702065467834
6.02,0.18872125446796417
6.03,0.18610481917858124
6.04,0.18355709314346313
6.05,0.18074189126491547
6.06,0.1777116060256958
6.07,0.1747726947069168
6.08,0.17272494733333588
6.09,0.17022763192653656
6.1,0.1670813411474228
6.11,0.16569477319717407
6.12,0.16411776840686798
6.13,0.16227363049983978
6.14,0.16479621827602386
6.15,0.1628730148077011
6.16,0.16205206513404846
6.17,0.161036878824234
6.18,0.16187700629234314
6.19,0.16248145699501038
6.2,0.1624072939157486
6.21,0.16380736231803894
6.22,0.16585320234298706
6.23,0.1667223423719406
6.24,0.16922147572040558
6.25,0.1704665869474411
6.26,0.1746334433555603
6.27,0.175447478890419
6.28,0.17893190681934357
6.29,0.18077588081359863
6.3,0.1842043399810791
6.31,0.1879047006368637
6.32,0.19146926701068878
6.33,0.19568048417568207
6.34,0.20114865899085999
6.35,0.20406919717788696
6.36,0.2075977325439453
6.37,0.21078179776668549
6.38,0.2153102457523346
6.39,0.21954573690891266
6.4,0.22396935522556305
6.41,0.22821909189224243
6.42,0.2320002317428589
6.43,0.2360556721687317
6.44,0.24072375893592834
6.45,0.2437766194343567
6.46,0.2482624500989914
6.47,0.25186508893966675
6.48,0.25482773780822754
6.49,0.2582368850708008
6.5,0.2620965838432312
6.51,0.26499101519584656
6.52,0.26808252930641174
6.53,0.27106547355651855
6.54,0.273501455783844
6.55,0.2757062315940857
6.56,0.2777230441570282
6.57,0.27937203645706177
6.58,0.28087732195854187
6.59,0.28233984112739563
6.6,0.2834959030151367
6.61,0.2836109399795532
6.62,0.2837187945842743
6.63,0.28411829471588135
6.64,0.28467893600463867
6.65,0.2842473089694977
6.66,0.2835052013397217
6.67,0.2826651334762573
6.68,0.28163185715675354
6.69,0.27998828887939453
6.7,0.27850964665412903
6.71,0.27655282616615295
6.72,0.27432137727737427
6.73,0.2717019021511078
6.74,0.26928555965423584
6.75,0.2664085924625397
6.76,0.2633878290653229
6.77,0.26054802536964417
6.78,0.2570877969264984
6.79,0.2537265419960022
6.8,0.25032854080200195
6.81,0.24657025933265686
6.82,0.24304157495498657
6.83,0.23907072842121124
6.84,0.23526622354984283
6.85,0.23136761784553528
6.86,0.22758975625038147
6.87,0.2235276699066162
6.88,0.21951325237751007
6.89,0.21549077332019806
6.9,0.21182748675346375
6.91,0.2079419046640396
6.92,0.20365579426288605
6.93,0.20018458366394043
6.94,0.19973820447921753
6.95,0.1962086409330368
6.96,0.19150711596012115
6.97,0.18899883329868317
6.98,0.18515725433826447
6.99,0.18223780393600464
7,0.18232277035713196
7.01,0.18052521347999573
7.02,0.1779172569513321
7.03,0.17496833205223083
7.04,0.1741522252559662
7.05,0.17127323150634766
7.06,0.1716245859861374
7.07,0.16956903040409088
7.08,0.17038221657276154
7.09,0.16930626332759857
7.1,0.1696193516254425
7.11,0.1685769408941269
7.12,0.16860871016979218
7.13,0.16908729076385498
7.14,0.17049606144428253
7.15,0.17181740701198578
7.16,0.1711813062429428
7.17,0.17591404914855957
7.18,0.17654645442962646
7.19,0.17823664844036102
7.2,0.17914162576198578
7.21,0.18215610086917877
7.22,0.1856311410665512
7.23,0.18861590325832367
7.24,0.19127318263053894
7.25,0.19399692118167877
7.26,0.19658909738063812
7.27,0.20005717873573303
7.28,0.2032817006111145
7.29,0.20670464634895325
7.3,0.2099331170320511
7.31,0.2136271446943283
7.32,0.2178875207901001
7.33,0.22169868648052216
7.34,0.22483645379543304
7.35,0.22808341681957245
7.36,0.23186887800693512
7.37,0.23606479167938232
7.38,0.2395498901605606
7.39,0.24306169152259827
7.4,0.24613261222839355
7.41,0.24960973858833313
7.42,0.2524050772190094
7.43,0.25527164340019226
7.44,0.2587498128414154
7.45,0.26136475801467896
7.46,0.2640308737754822
7.47,0.26652029156684875
7.48,0.2686741352081299
7.49,0.27039581537246704
7.5,0.2721017003059387
7.51,0.27355441451072693
7.52,0.27483612298965454
7.53,0.2759641408920288
7.54,0.276802122592926
7.55,0.2772763967514038
7.56,0.2776951193809509
7.57,0.2777400612831116
7.58,0.2776530981063843
7.59,0.277102530002594
7.6,0.27631691098213196
7.61,0.27537307143211365
7.62,0.27427223324775696
7.63,0.2729235291481018
7.64,0.2713601589202881
7.65,0.26960793137550354
7.66,0.2676604688167572
7.67,0.26532089710235596
7.68,0.2628788948059082
7.69,0.26056569814682007
7.7,0.25788912177085876
7.71,0.25509339570999146
7.72,0.2520126700401306
7.73,0.24888189136981964
7.74,0.24568021297454834
7.75,0.24251939356327057
7.76,0.23917511105537415
7.77,0.23569287359714508
7.78,0.2322283536195755
7.79,0.22882454097270966
7.8,0.22536231577396393
7.81,0.2217828929424286
7.82,0.21813398599624634
7.83,0.21442492306232452
7.84,0.21086876094341278
7.85,0.2071828991174698
7.86,0.20403741300106049
7.87,0.20262537896633148
7.88,0.20148661732673645
7.89,0.19793471693992615
7.9,0.1951434463262558
7.91,0.19266685843467712
7.92,0.1897360235452652
7.93,0.18640747666358948
7.94,0.18564830720424652
7.95,0.18295185267925262
7.96,0.18195463716983795
7.97,0.17931358516216278
7.98,0.17901790142059326
7.99,0.17822378873825073
8,0.17623813450336456
8.01,0.17618630826473236
8.02,0.17551366984844208
8.03,0.1761162430047989
8.04,0.17543725669384003
8.05,0.1756753772497177
8.06,0.17546793818473816
8.07,0.17359301447868347
8.08,0.17745299637317657
8.09,0.1775292456150055
8.1,0.1793837547302246
8.11,0.17964334785938263
8.12,0.18196801841259003
8.13,0.18323758244514465
8.14,0.18630404770374298
8.15,0.187844380736351
8.16,0.18998506665229797
8.17,0.1935853809118271
8.18,0.1951858103275299
8.19,0.19831964373588562
8.2,0.20204664766788483
8.21,0.20437590777873993
8.22,0.20740579068660736
8.23,0.21065135300159454
8.24,0.2138974964618683
8.25,0.2169375717639923
8.26,0.22048808634281158
8.27,0.22422188520431519
8.28,0.22757376730442047
8.29,0.23029379546642303
8.3,0.23395465314388275
8.31,0.23603075742721558
8.32,0.239469975233078
8.33,0.24262718856334686
8.34,0.24614284932613373
8.35,0.2491094321012497
8.36,0.25180527567863464
8.37,0.25430503487586975
8.38,0.25670701265335083
8.39,0.25890693068504333
8.4,0.2612629234790802
8.41,0.2632082998752594
8.42,0.2650529146194458
8.43,0.2664681375026703
8.44,0.2678196132183075
8.45,0.2690635323524475
8.46,0.2700337767601013
8.47,0.27069538831710815
8.48,0.2712901830673218
8.49,0.27146705985069275
8.5,0.2714414894580841
8.51,0.2713923454284668
8.52,0.2712503969669342
8.53,0.27053597569465637
8.54,0.26968011260032654
8.55,0.26862674951553345
8.56,0.26750701665878296
8.57,0.2660121023654938
8.58,0.26436489820480347
8.59,0.26293042302131653
8.6,0.26092270016670227
8.61,0.2587776184082031
8.62,0.25649958848953247
8.63,0.2542453706264496
8.64,0.2514687776565552
8.65,0.24914588034152985
8.66,0.24624103307724
8.67,0.2435060739517212
8.68,0.24046705663204193
8.69,0.2375139594078064
8.7,0.2343490570783615
8.71,0.2312656044960022
8.72,0.22805477678775787
8.73,0.2250921130180359
8.74,0.22194121778011322
8.75,0.21882130205631256
8.76,0.21530161798000336
8.77,0.2120729237794876
8.78,0.2091260850429535
8.79,0.20688048005104065
8.8,0.20348744094371796
8.81,0.20021003484725952
8.82,0.2012934684753418
8.83,0.19821426272392273
8.84,0.19557471573352814
8.85,0.19273899495601654
8.86,0.1903192549943924
8.87,0.1870807409286499
8.88,0.18714410066604614
8.89,0.18550024926662445
8.9,0.1834704726934433
8.91,0.18402449786663055
8.92,0.18290741741657257
8.93,0.1820439100265503
8.94,0.18160821497440338
8.95,0.1816738247871399
8.96,0.17988067865371704
8.97,0.17856720089912415
8.98,0.1816358119249344
8.99,0.17965340614318848
9,0.18009351193904877
9.01,0.18180297315120697
9.02,0.18173104524612427
9.03,0.18498773872852325
9.04,0.18462403118610382
9.05,0.1875709444284439
9.06,0.18794405460357666
9.07,0.18922273814678192
9.08,0.1922401636838913
9.09,0.1936979591846466
9.1,0.19606448709964752
9.11,0.19906261563301086
9.12,0.20217856764793396
9.13,0.2038387656211853
9.14,0.20680415630340576
9.15,0.20931987464427948
9.16,0.21261316537857056
9.17,0.21583060920238495
9.18,0.21895301342010498
9.19,0.2216312438249588
9.2,0.22454950213432312
9.21,0.2273564636707306
9.22,0.2302795946598053
9.23,0.23313723504543304
9.24,0.23629572987556458
9.25,0.2387315034866333
9.26,0.24145732820034027
9.27,0.2439822554588318
9.28,0.24639496207237244
9.29,0.24894867837429047
9.3,0.2510823905467987
9.31,0.25307998061180115
9.32,0.25527915358543396
9.33,0.25738823413848877
9.34,0.25901490449905396
9.35,0.2604951858520508
9.36,0.2619340717792511
9.37,0.26301440596580505
9.38,0.2639043629169464
9.39,0.26466450095176697
9.4,0.2653965353965759
9.41,0.2658969759941101
9.42,0.2659154236316681
9.43,0.2659384608268738
9.44,0.2657404839992523
9.45,0.26560714840888977
9.46,0.26504096388816833
9.47,0.2640600800514221
9.48,0.2633515000343323
9.49,0.26231512427330017
9.5,0.2609814703464508
9.51,0.25941774249076843
9.52,0.2575860917568207
9.53,0.2559807300567627
9.54,0.25401121377944946
9.55,0.2518959641456604
9.56,0.24978767335414886
9.57,0.2474372833967209
9.58,0.2448921501636505
9.59,0.24267509579658508
9.6,0.24003039300441742
9.61,0.23743994534015656
9.62,0.2348855435848236
9.63,0.2324122190475464
9.64,0.2296220064163208
9.65,0.226629376411438
9.66,0.22404950857162476
9.67,0.22123156487941742
9.68,0.2182619869709015
9.69,0.21513798832893372
9.7,0.21264612674713135
9.71,0.20936106145381927
9.72,0.20978201925754547
9.73,0.20508511364459991
9.74,0.20587514340877533
9.75,0.20291422307491302
9.76,0.19871674478054047
9.77,0.19607074558734894
9.78,0.19568338990211487
9.79,0.1942499428987503
9.8,0.1922948956489563
9.81,0.19109435379505157
9.82,0.1898544877767563
9.83,0.18916934728622437
9.84,0.18887561559677124
9.85,0.18701140582561493
9.86,0.1849507987499237
9.87,0.1843252182006836
9.88,0.1862982213497162
9.89,0.18571260571479797
9.9,0.1863662153482437
9.91,0.18619564175605774
9.92,0.18557417392730713
9.93,0.18673384189605713
9.94,0.18647179007530212
9.95,0.18671651184558868
9.96,0.18924851715564728
9.97,0.1890541911125183
9.98,0.19075343012809753
9.99,0.19309766590595245
10,0.1947920173406601
10.01,0.19654539227485657
10.02,0.19925351440906525
10.03,0.20073440670967102
10.04,0.2029314786195755
10.05,0.20537376403808594
10.06,0.20807328820228577
10.07,0.21048149466514587
10.08,0.2130449116230011
10.09,0.21554288268089294
10.1,0.2180783599615097
10.11,0.22084029018878937
10.12,0.22358432412147522
10.13,0.22616319358348846
10.14,0.2286086082458496
10.15,0.23121090233325958
10.16,0.2337120771408081
10.17,0.2360575944185257
10.18,0.23853862285614014
10.19,0.24102352559566498
10.2,0.2430880218744278
10.21,0.2451225370168686
10.22,0.2472032904624939
10.23,0.24908171594142914
10.24,0.2511086165904999
10.25,0.2525371313095093
10.26,0.2541595697402954
10.27,0.25556936860084534
10.28,0.25704872608184814
10.29,0.2580035328865051
10.3,0.2589263617992401
10.31,0.2595817446708679
10.32,0.26020193099975586
10.33,0.26053622364997864
10.34,0.2608422338962555
10.35,0.26105406880378723
10.36,0.26099374890327454
10.37,0.26071566343307495
10.38,0.26010623574256897
10.39,0.2593439817428589
10.4,0.25854262709617615
10.41,0.25781509280204773
10.42,0.2566264271736145
10.43,0.25542858242988586
10.44,0.25402823090553284
10.45,0.25220561027526855
10.46,0.2507103681564331
10.47,0.2489737868309021
10.48,0.2470603883266449
10.49,0.24506570398807526
10.5,0.24290001392364502
10.51,0.24095672369003296
10.52,0.23859255015850067
10.53,0.2362331748008728
10.54,0.2337506264448166
10.55,0.23155184090137482
10.56,0.22906020283699036
10.57,0.22666624188423157
10.58,0.22405079007148743
10.59,0.2215903252363205
10.6,0.21896788477897644
10.61,0.21624405682086945
10.62,0.21384719014167786
10.63,0.21211256086826324
10.64,0.2092258781194687
10.65,0.20672811567783356
10.66,0.20581230521202087
10.67,0.20546728372573853
10.68,0.20238299667835236
10.69,0.19969743490219116
10.7,0.19807811081409454
10.71,0.1960984617471695
10.72,0.1975635290145874
10.73,0.1956678181886673
10.74,0.19388259947299957
10.75,0.19209741055965424
10.76,0.1903456747531891
10.77,0.1889813393354416
10.78,0.18830060958862305
10.79,0.19223424792289734
10.8,0.1875864714384079
10.81,0.18949823081493378
10.82,0.18857482075691223
10.83,0.189976304769516
10.84,0.1906854212284088
10.85,0.19070488214492798
10.86,0.19147004187107086
10.87,0.19159474968910217
10.88,0.19194722175598145
10.89,0.19338032603263855
10.9,0.195391446352005
10.91,0.19656354188919067
10.92,0.1981746256351471
10.93,0.20012633502483368
10.94,0.20187750458717346
10.95,0.203346848487854
10.96,0.2054527997970581
10.97,0.2071974277496338
10.98,0.20914539694786072
10.99,0.2121298462152481
11,0.2141319215297699
11.01,0.21672652661800385
11.02,0.21915970742702484
11.03,0.22129955887794495
11.04,0.22361783683300018
11.05,0.22584490478038788
11.06,0.2281254380941391
11.07,0.2305162400007248
11.08,0.23266972601413727
11.09,0.23499161005020142
11.1,0.2369181215763092
11.11,0.23900526762008667
11.12,0.24090638756752014
11.13,0.24274462461471558
11.14,0.2446162849664688
11.15,0.24648211896419525
11.16,0.2479669153690338
11.17,0.24932532012462616
11.18,0.25078660249710083
11.19,0.25202417373657227
11.2,0.25303348898887634
11.21,0.2539246082305908
11.22,0.25466808676719666
11.23,0.25530511140823364
11.24,0.2558344900608063
11.25,0.2561062276363373
11.26,0.2563832104206085
11.27,0.256494402885437
11.28,0.2563767433166504
11.29,0.255934476852417
11.3,0.25543782114982605
11.31,0.25487664341926575
11.32,0.25421252846717834
11.33,0.2534518241882324
11.34,0.2523631453514099
11.35,0.25112825632095337
11.36,0.24985571205615997
11.37,0.24857434630393982
11.38,0.24717684090137482
11.39,0.24550332129001617
11.4,0.24372926354408264
11.41,0.24187307059764862
11.42,0.23994797468185425
11.43,0.23815523087978363
11.44,0.2362152636051178
11.45,0.2341298907995224
11.46,0.23200441896915436
11.47,0.22982348501682281
11.48,0.22770896553993225
11.49,0.22554603219032288
11.5,0.2232542335987091
11.51,0.2210257351398468
11.52,0.21884189546108246
11.53,0.21668550372123718
11.54,0.21447300910949707
11.55,0.2124403715133667
11.56,0.2104499787092209
11.57,0.20978261530399323
11.58,0.2094288021326065
11.59,0.20691490173339844
11.6,0.20444145798683167
11.61,0.20181210339069366
11.62,0.20245008170604706
11.63,0.19801653921604156
11.64,0.19707494974136353
11.65,0.1974080353975296
11.66,0.19471144676208496
11.67,0.19815734028816223
11.68,0.19731026887893677
11.69,0.1952916830778122
11.7,0.19385844469070435
11.71,0.1936349719762802
11.72,0.19282200932502747
11.73,0.19429542124271393
11.74,0.19241806864738464
11.75,0.19528251886367798
11.76,0.19397079944610596
11.77,0.19383089244365692
11.78,0.19575801491737366
11.79,0.19634310901165009
11.8,0.19669124484062195
11.81,0.19948424398899078
11.82,0.19918759167194366
11.83,0.20054548978805542
11.84,0.2021261602640152
11.85,0.20299291610717773
11.86,0.2049190253019333
11.87,0.20647498965263367
11.88,0.20920032262802124
11.89,0.2110312581062317
11.9,0.2125316858291626
11.91,0.21491087973117828
11.92,0.21683667600154877
11.93,0.2187892347574234
11.94,0.22058118879795074
11.95,0.2225944846868515
11.96,0.22483712434768677
11.97,0.2268257886171341
11.98,0.22892659902572632
11.99,0.23087579011917114
12,0.23267394304275513
12.01,0.23470066487789154
12.02,0.2365783303976059
12.03,0.2383030652999878
12.04,0.23986458778381348
12.05,0.24143965542316437
12.06,0.24281004071235657
12.07,0.24445395171642303
12.08,0.24582524597644806
12.09,0.2470109760761261
12.1,0.24802491068840027
12.11,0.24915875494480133
12.12,0.24998889863491058
12.13,0.2506229281425476
12.14,0.25113749504089355
12.15,0.2516302466392517
12.16,0.25204625725746155
12.17,0.25215375423431396
12.18,0.25216659903526306
12.19,0.25209274888038635
12.2,0.2518967390060425
12.21,0.2514965236186981
12.22,0.25094321370124817
12.23,0.2502768635749817
12.24,0.24950867891311646
12.25,0.2486126869916916
12.26,0.24788478016853333
12.27,0.2467469722032547
12.28,0.2455359697341919
12.29,0.2442815601825714
12.3,0.24275316298007965
12.31,0.241331547498703
12.32,0.23962560296058655
12.33,0.238075852394104
12.34,0.23647159337997437
12.35,0.23470206558704376
12.36,0.23287871479988098
12.37,0.23104703426361084
12.38,0.22902919352054596
12.39,0.22715765237808228
12.4,0.2252642810344696
12.41,0.22334076464176178
12.42,0.2215120494365692
12.43,0.21958470344543457
12.44,0.21764160692691803
12.45,0.21572430431842804
12.46,0.21378059685230255
12.47,0.2121405452489853
12.48,0.21051795780658722
12.49,0.2081243246793747
12.5,0.20705363154411316
12.51,0.20527653396129608
12.52,0.2049359679222107
12.53,0.20407046377658844
12.54,0.20354367792606354
12.55,0.204255610704422
12.56,0.2031291127204895
12.57,0.20161136984825134
12.58,0.20044049620628357
12.59,0.1992574781179428
12.6,0.19765686988830566
12.61,0.19727766513824463
12.62,0.1968870908021927
12.63,0.1984315663576126
12.64,0.19865275919437408
12.65,0.19884426891803741
12.66,0.19664011895656586
12.67,0.19763778150081635
12.68,0.19795556366443634
12.69,0.19944657385349274
12.7,0.19932596385478973
12.71,0.2003706693649292
12.72,0.20122066140174866
12.73,0.2021675556898117
12.74,0.20334038138389587
12.75,0.2046956866979599
12.76,0.206013023853302
12.77,0.20792973041534424
12.78,0.20978349447250366
12.79,0.2113046646118164
12.8,0.21271738409996033
12.81,0.21426798403263092
12.82,0.21602696180343628
12.83,0.21778908371925354
12.84,0.21966932713985443
12.85,0.22151537239551544
12.86,0.22335614264011383
12.87,0.22504964470863342
12.88,0.22681565582752228
12.89,0.22852995991706848
12.9,0.23031996190547943
12.91,0.23198918998241425
12.92,0.23364344239234924
12.93,0.23517881333827972
12.94,0.23660778999328613
12.95,0.23822438716888428
12.96,0.23952394723892212
12.97,0.2407144159078598
12.98,0.24197210371494293
12.99,0.24319539964199066
13,0.24415242671966553
13.01,0.24508985877037048
13.02,0.24589836597442627
13.03,0.24662375450134277
13.04,0.24722209572792053
13.05,0.2476429045200348
13.06,0.24791869521141052
13.07,0.2481549084186554
13.08,0.24840418994426727
13.09,0.24850770831108093
13.1,0.2482852041721344
13.11,0.24802061915397644
13.12,0.2475789189338684
13.13,0.247166246175766
13.14,0.24663811922073364
13.15,0.24596939980983734
13.16,0.24512694776058197
13.17,0.2442903071641922
13.18,0.24330240488052368
13.19,0.2421356737613678
13.2,0.2409152239561081
13.21,0.23966877162456512
13.22,0.23839865624904633
13.23,0.23706184327602386
13.24,0.23562666773796082
13.25,0.2340504229068756
13.26,0.23244377970695496
13.27,0.230828195810318
13.28,0.22920918464660645
13.29,0.2275286465883255
13.3,0.2259088158607483
13.31,0.22427594661712646
13.32,0.22261105477809906
13.33,0.22089797258377075
13.34,0.21919851005077362
13.35,0.21755671501159668
13.36,0.21594253182411194
13.37,0.21448618173599243
13.38,0.21305608749389648
13.39,0.2111542522907257
13.4,0.20984630286693573
13.41,0.2081475853919983
13.42,0.20792312920093536
13.43,0.20608296990394592
13.44,0.20471051335334778
13.45,0.205200657248497
13.46,0.20293693244457245
13.47,0.20477885007858276
13.48,0.20374035835266113
13.49,0.2030787318944931
13.5,0.2011178880929947
13.51,0.20035813748836517
13.52,0.200290709733963
13.53,0.20065641403198242
13.54,0.20132015645503998
13.55,0.19997954368591309
13.56,0.1996239870786667
13.57,0.2002190500497818
13.58,0.2003939002752304
13.59,0.20108148455619812
13.6,0.20244410634040833
13.61,0.20338323712348938
13.62,0.2042543739080429
13.63,0.20504409074783325
13.64,0.20604321360588074
13.65,0.20726384222507477
13.66,0.20839256048202515
13.67,0.20979520678520203
13.68,0.21113790571689606
13.69,0.21259497106075287
13.7,0.21397778391838074
13.71,0.21540795266628265
13.72,0.21686296164989471
13.73,0.2182311862707138
13.74,0.21988454461097717
13.75,0.22142629325389862
13.76,0.22313350439071655
13.77,0.2246399074792862
13.78,0.22622938454151154
13.79,0.22757312655448914
13.8,0.22890956699848175
13.81,0.23050899803638458
13.82,0.23200152814388275
13.83,0.2333204597234726
13.84,0.23459479212760925
13.85,0.23587578535079956
13.86,0.23721644282341003
13.87,0.2383956015110016
13.88,0.23931975662708282
13.89,0.2402634173631668
13.9,0.2411763221025467
13.91,0.24198465049266815
13.92,0.24279765784740448
13.93,0.24348163604736328
13.94,0.24387134611606598
13.95,0.2442091554403305
13.96,0.24454788863658905
13.97,0.24480876326560974
13.98,0.2450193166732788
13.99,0.24515458941459656
14,0.2450503557920456
14.01,0.2446415275335312
14.02,0.24426081776618958
14.03,0.24388733506202698
14.04,0.24339625239372253
14.05,0.2429313361644745
14.06,0.24231137335300446
14.07,0.24143822491168976
14.08,0.24051839113235474
14.09,0.23954489827156067
14.1,0.23849061131477356
14.11,0.23737885057926178
14.12,0.23630720376968384
14.13,0.23508833348751068
14.14,0.2338067889213562
14.15,0.23250192403793335
14.16,0.2311440110206604
14.17,0.2297210991382599
14.18,0.22826392948627472
14.19,0.22682945430278778
14.2,0.2254195660352707
14.21,0.22406931221485138
14.22,0.22252671420574188
14.23,0.22110630571842194
14.24,0.21970877051353455
14.25,0.21827977895736694
14.26,0.21687908470630646
14.27,0.21540740132331848
14.28,0.2140086442232132
14.29,0.21282561123371124
14.3,0.2115577757358551
14.31,0.21027357876300812
14.32,0.2097306102514267
14.33,0.20911100506782532
14.34,0.20696032047271729
14.35,0.20657889544963837
14.36,0.20567090809345245
14.37,0.20470298826694489
14.38,0.20457011461257935
14.39,0.20415475964546204
14.4,0.20313706994056702
14.41,0.20310764014720917
14.42,0.20519272983074188
14.43,0.20342719554901123
14.44,0.2030194252729416
14.45,0.20358438789844513
14.46,0.2027330845594406
14.47,0.20379720628261566
14.48,0.20407995581626892
14.49,0.20410335063934326
14.5,0.20565123856067657
14.51,0.20617233216762543
14.52,0.20704276859760284
14.53,0.20774562656879425
14.54,0.2086758017539978
14.55,0.2097327560186386
14.56,0.2108001708984375
14.57,0.2120789736509323
14.58,0.21324759721755981
14.59,0.21465995907783508
14.6,0.21571403741836548
14.61,0.2168266624212265
14.62,0.21810010075569153
14.63,0.21962937712669373
14.64,0.22083120048046112
14.65,0.22212733328342438
14.66,0.2235347181558609
14.67,0.22492854297161102
14.68,0.2262202650308609
14.69,0.22748403251171112
14.7,0.22883349657058716
14.71,0.23011991381645203
14.72,0.23126313090324402
14.73,0.23245425522327423
14.74,0.23361806571483612
14.75,0.23467712104320526
14.76,0.23561611771583557
14.77,0.23662923276424408
14.78,0.23759223520755768
14.79,0.23835153877735138
14.8,0.23907162249088287
14.81,0.23978190124034882
14.82,0.2403685599565506
14.83,0.24083618819713593
14.84,0.2412516176700592
14.85,0.24149002134799957
14.86,0.24179808795452118
14.87,0.24184826016426086
14.88,0.24187827110290527
14.89,0.24198976159095764
14.9,0.24188245832920074
14.91,0.24162434041500092
14.92,0.24125054478645325
14.93,0.24080543220043182
14.94,0.24030306935310364
14.95,0.23965978622436523
14.96,0.23910653591156006
14.97,0.23840488493442535
14.98,0.23769055306911469
14.99,0.23683036863803864
15,0.23581521213054657
15.01,0.23476459085941315
15.02,0.23373839259147644
15.03,0.23268498480319977
15.04,0.2316403090953827
15.05,0.23043985664844513
15.06,0.2291824370622635
15.07,0.2280077189207077
15.08,0.22679142653942108
15.09,0.2255931794643402
15.1,0.2242526262998581
15.11,0.22300294041633606
15.12,0.22188489139080048
15.13,0.22073645889759064
15.14,0.21943014860153198
15.15,0.2180245816707611
15.16,0.2168867290019989
15.17,0.21562181413173676
15.18,0.21460571885108948
15.19,0.21350805461406708
15.2,0.21259669959545135
15.21,0.21172605454921722
15.22,0.21088595688343048
15.23,0.2099395990371704
15.24,0.20989803969860077
15.25,0.20806945860385895
15.26,0.20764164626598358
15.27,0.2076781690120697
15.28,0.20644114911556244
15.29,0.20589861273765564
15.3,0.20563484728336334
15.31,0.20633167028427124
15.32,0.20612165331840515
15.33,0.20593687891960144
15.34,0.20615825057029724
15.35,0.2064337581396103
15.36,0.20675621926784515
15.37,0.20689335465431213
15.38,0.20693917572498322
15.39,0.20766517519950867
15.4,0.20797015726566315
15.41,0.2095397412776947
15.42,0.21018852293491364
15.43,0.2106066346168518
15.44,0.21154892444610596
15.45,0.21246491372585297
15.46,0.2135320007801056
15.47,0.2145441770553589
15.48,0.21560049057006836
15.49,0.21663004159927368
15.5,0.21775563061237335
15.51,0.21893520653247833
15.52,0.2201177179813385
15.53,0.22123104333877563
15.54,0.22227360308170319
15.55,0.2234165072441101
15.56,0.22445417940616608
15.57,0.2257845252752304
15.58,0.22697997093200684
15.59,0.22813306748867035
15.6,0.22919723391532898
15.61,0.23012284934520721
15.62,0.2311551421880722
15.63,0.23215243220329285
15.64,0.23316338658332825
15.65,0.23406080901622772
15.66,0.23483125865459442
15.67,0.23564808070659637
15.68,0.2362356185913086
15.69,0.2367699295282364
15.7,0.23745061457157135
15.71,0.23800310492515564
15.72,0.23842673003673553
15.73,0.23874659836292267
15.74,0.23903478682041168
15.75,0.2392423450946808
15.76,0.2393021136522293
15.77,0.23924319446086884
15.78,0.23914363980293274
15.79,0.23904919624328613
15.8,0.23889519274234772
15.81,0.23864072561264038
15.82,0.23826417326927185
15.83,0.2378690242767334
15.84,0.23732991516590118
15.85,0.2367238700389862
15.86,0.23607318103313446
15.87,0.23544204235076904
15.88,0.2347261607646942
15.89,0.23389700055122375
15.9,0.23297922313213348
15.91,0.23204058408737183
15.92,0.2310904711484909
15.93,0.23015549778938293
15.94,0.22914089262485504
15.95,0.228072851896286
15.96,0.22706712782382965
15.97,0.22601595520973206
15.98,0.22490255534648895
15.99,0.22378849983215332
16,0.22273871302604675
16.01,0.22173647582530975
16.02,0.2207326889038086
16.03,0.21958571672439575
16.04,0.21842485666275024
16.05,0.21736377477645874
16.06,0.21646848320960999
16.07,0.21568863093852997
16.08,0.21479195356369019
16.09,0.2137954980134964
16.1,0.21295711398124695
16.11,0.21229611337184906
16.12,0.21166162192821503
16.13,0.2110316902399063
16.14,0.21057692170143127
16.15,0.2096499800682068
16.16,0.2093719094991684
16.17,0.20923027396202087
16.18,0.20883873105049133
16.19,0.20880606770515442
16.2,0.2085081785917282
16.21,0.20833058655261993
16.22,0.2085566520690918
16.23,0.20910650491714478
16.24,0.20896972715854645
16.25,0.20898808538913727
16.26,0.20950867235660553
16.27,0.21002088487148285
16.28,0.21060042083263397
16.29,0.21113154292106628
16.3,0.2114940583705902
16.31,0.21213842928409576
16.32,0.21296508610248566
16.33,0.2136661261320114
16.34,0.21458718180656433
16.35,0.21553388237953186
16.36,0.21632282435894012
16.37,0.2171187698841095
16.38,0.21802133321762085
16.39,0.2189866006374359
16.4,0.22005397081375122
16.41,0.22115808725357056
16.42,0.2220863699913025
16.43,0.22296187281608582
16.44,0.22392818331718445
16.45,0.22498279809951782
16.46,0.22605390846729279
16.47,0.22700954973697662
16.48,0.2279251217842102
16.49,0.22879278659820557
16.5,0.2296922504901886
16.51,0.2305487096309662
16.52,0.23137935996055603
16.53,0.23215338587760925
16.54,0.2328622192144394
16.55,0.2335788905620575
16.56,0.23418109118938446
16.57,0.23477832973003387
16.58,0.23529209196567535
16.59,0.2356930673122406
16.6,0.23604057729244232
16.61,0.2363128513097763
16.62,0.23657388985157013
16.63,0.23680582642555237
16.64,0.23692797124385834
16.65,0.23696982860565186
16.66,0.2370007038116455
16.67,0.2369559407234192
16.68,0.23677639663219452
16.69,0.2364780306816101
16.7,0.23609404265880585
16.71,0.2357552945613861
16.72,0.23535224795341492
16.73,0.2349642813205719
16.74,0.2344748079776764
16.75,0.2338189333677292
16.76,0.23311962187290192
16.77,0.23246122896671295
16.78,0.23172645270824432
16.79,0.23102159798145294
16.8,0.23016467690467834
16.81,0.22926807403564453
16.82,0.22845867276191711
16.83,0.2276313155889511
16.84,0.2267397791147232
16.85,0.22569961845874786
16.86,0.224811851978302
16.87,0.22386224567890167
16.88,0.2229379564523697
16.89,0.22203202545642853
16.9,0.22116360068321228
16.91,0.22024211287498474
16.92,0.219320148229599
16.93,0.21846385300159454
16.94,0.21758857369422913
16.95,0.2167498618364334
16.96,0.21608079969882965
16.97,0.2153616100549698
16.98,0.2146487534046173
16.99,0.2139798253774643
17,0.2132178246974945
17.01,0.21262280642986298
17.02,0.21234296262264252
17.03,0.21204443275928497
17.04,0.21155689656734467
17.05,0.21131785213947296
17.06,0.21124723553657532
17.07,0.21110756695270538
17.08,0.21074169874191284
17.09,0.21078136563301086
17.1,0.21059760451316833
17.11,0.2109549641609192
17.12,0.2112094610929489
17.13,0.21154305338859558
17.14,0.21171198785305023
17.15,0.2118270844221115
17.16,0.21229279041290283
17.17,0.21280276775360107
17.18,0.21320393681526184
17.19,0.21392418444156647
17.2,0.2145216464996338
17.21,0.21515102684497833
17.22,0.21591874957084656
17.23,0.21665632724761963
17.24,0.21735556423664093
17.25,0.2181350737810135
17.26,0.21895036101341248
17.27,0.21978269517421722
17.28,0.2206113636493683
17.29,0.22137458622455597
17.3,0.22232338786125183
17.31,0.22314681112766266
17.32,0.22399789094924927
17.33,0.2248963713645935
17.34,0.22573918104171753
17.35,0.22648905217647552
17.36,0.2273562252521515
17.37,0.22819142043590546
17.38,0.2289395034313202
17.39,0.22959601879119873
17.4,0.230234295129776
17.41,0.2308972179889679
17.42,0.23156197369098663
17.43,0.2321937382221222
17.44,0.2327086627483368
17.45,0.23315201699733734
17.46,0.23354458808898926
17.47,0.2339632511138916
17.48,0.2342970073223114
17.49,0.2345234900712967
17.5,0.23472380638122559
17.51,0.23490263521671295
17.52,0.23499137163162231
17.53,0.2350085973739624
17.54,0.23493118584156036
17.55,0.23475754261016846
17.56,0.23460564017295837
17.57,0.23448871076107025
17.58,0.23422791063785553
17.59,0.23397265374660492
17.6,0.23353944718837738
17.61,0.23310992121696472
17.62,0.2326175719499588
17.63,0.23207987844944
17.64,0.23150742053985596
17.65,0.23093368113040924
17.66,0.23026490211486816
17.67,0.22955168783664703
17.68,0.22889003157615662
17.69,0.22820261120796204
17.7,0.22742874920368195
17.71,0.2266082912683487
17.72,0.2257869392633438
17.73,0.22496062517166138
17.74,0.2241906374692917
17.75,0.22345581650733948
17.76,0.2226792275905609
17.77,0.22186824679374695
17.78,0.22104784846305847
17.79,0.220291405916214
17.8,0.21953347325325012
17.81,0.21882101893424988
17.82,0.21806269884109497
17.83,0.2173042595386505
17.84,0.216713085770607
17.85,0.21615232527256012
17.86,0.2156219333410263
17.87,0.21511541306972504
17.88,0.21462808549404144
17.89,0.21407414972782135
17.9,0.21378564834594727
17.91,0.2134389579296112
17.92,0.2132793366909027
17.93,0.21289372444152832
17.94,0.21278280019760132
17.95,0.21270161867141724
17.96,0.2126736342906952
17.97,0.2126471847295761
17.98,0.21283194422721863
17.99,0.212853342294693
18,0.2130720317363739
18.01,0.21340253949165344
18.02,0.213408961892128
18.03,0.21363891661167145
18.04,0.21417440474033356
18.05,0.21445441246032715
18.06,0.2151235193014145
18.07,0.21563491225242615
18.08,0.21606189012527466
18.09,0.21667784452438354
18.1,0.21734057366847992
18.11,0.21789617836475372
18.12,0.21848168969154358
18.13,0.21909788250923157
18.14,0.21993592381477356
18.15,0.2208319902420044
18.16,0.22159501910209656
18.17,0.2221398800611496
18.18,0.2227434664964676
18.19,0.22348333895206451
18.2,0.22435083985328674
18.21,0.22523365914821625
18.22,0.225956529378891
18.23,0.2265898883342743
18.24,0.22718404233455658
18.25,0.22781610488891602
18.26,0.22839005291461945
18.27,0.2290830910205841
18.28,0.2296408712863922
18.29,0.23015142977237701
18.3,0.23071180284023285
18.31,0.23121614754199982
18.32,0.2316017895936966
18.33,0.2319066971540451
18.34,0.23224660754203796
18.35,0.23258189857006073
18.36,0.23284558951854706
18.37,0.23298798501491547
18.38,0.23310841619968414
18.39,0.23320278525352478
18.4,0.23327817022800446
18.41,0.23321925103664398
18.42,0.2330911010503769
18.43,0.23295056819915771
18.44,0.23278434574604034
18.45,0.23263899981975555
18.46,0.2324206680059433
18.47,0.23208875954151154
18.48,0.23170025646686554
18.49,0.23126603662967682
18.5,0.23079729080200195
18.51,0.23037584125995636
18.52,0.2298315316438675
18.53,0.2292378842830658
18.54,0.22872982919216156
18.55,0.2281615436077118
18.56,0.22751228511333466
18.57,0.22684025764465332
18.58,0.2261221706867218
18.59,0.22544406354427338
18.6,0.22481028735637665
18.61,0.2241932600736618
18.62,0.2234819382429123
18.63,0.22279001772403717
18.64,0.2221096158027649
18.65,0.22139693796634674
18.66,0.2206457555294037
18.67,0.2200482189655304
18.68,0.21945752203464508
18.69,0.21894732117652893
18.7,0.21835622191429138
18.71,0.21768899261951447
18.72,0.2172301560640335
18.73,0.21669377386569977
18.74,0.2162022441625595
18.75,0.21589520573616028
18.76,0.21552377939224243
18.77,0.21515892446041107
18.78,0.2148531824350357
18.79,0.21469633281230927
18.8,0.2145162969827652
18.81,0.21424978971481323
18.82,0.21413397789001465
18.83,0.21405920386314392
18.84,0.21414898335933685
18.85,0.2142217606306076
18.86,0.2142888605594635
18.87,0.2144692987203598
18.88,0.21477465331554413
18.89,0.2149616777896881
18.9,0.21508845686912537
18.91,0.2154388725757599
18.92,0.21586859226226807
18.93,0.2161986380815506
18.94,0.216626837849617
18.95,0.21719273924827576
18.96,0.21781320869922638
18.97,0.21815378963947296
18.98,0.21861815452575684
18.99,0.21923334896564484
19,0.2198651283979416
19.01,0.220506951212883
19.02,0.22116057574748993
19.03,0.22176672518253326
19.04,0.22228270769119263
19.05,0.22290226817131042
19.06,0.22364281117916107
19.07,0.22437050938606262
19.08,0.2250089794397354
19.09,0.22546692192554474
19.1,0.22603550553321838
19.11,0.22672346234321594
19.12,0.2273351550102234
19.13,0.22788138687610626
19.14,0.22833141684532166
19.15,0.2287190854549408
19.16,0.22910374402999878
19.17,0.22961710393428802
19.18,0.23016028106212616
19.19,0.23051688075065613
19.2,0.23073279857635498
19.21,0.23093843460083008
19.22,0.23116669058799744
19.23,0.23136301338672638
19.24,0.2316114902496338
19.25,0.2317369133234024
19.26,0.23177750408649445
19.27,0.23177257180213928
19.28,0.23172131180763245
19.29,0.23163899779319763
19.3,0.23149897158145905
19.31,0.23137257993221283
19.32,0.23119212687015533
19.33,0.23095865547657013
19.34,0.23067979514598846
19.35,0.230385422706604
19.36,0.2300054281949997
19.37,0.2295827716588974
19.38,0.22918438911437988
19.39,0.2287617176771164
19.4,0.22826431691646576
19.41,0.22772657871246338
19.42,0.22718824446201324
19.43,0.22668607532978058
19.44,0.2261430323123932
19.45,0.22552603483200073
19.46,0.22490476071834564
19.47,0.22429047524929047
19.48,0.2236836850643158
19.49,0.22314433753490448
19.5,0.22261464595794678
19.51,0.2220447063446045
19.52,0.22141627967357635
19.53,0.22080205380916595
19.54,0.22030913829803467
19.55,0.21979527175426483
19.56,0.21923619508743286
19.57,0.21878273785114288
19.58,0.2182803601026535
19.59,0.21785052120685577
19.6,0.21745815873146057
19.61,0.21703921258449554
19.62,0.21666371822357178
19.63,0.2163989394903183
19.64,0.2161206603050232
19.65,0.21590986847877502
19.66,0.21574342250823975
19.67,0.21565715968608856
19.68,0.2155521810054779
19.69,0.21551918983459473
19.7,0.21543894708156586
19.71,0.2152441442012787
19.72,0.2152598351240158
19.73,0.21542376279830933
19.74,0.2157294899225235
19.75,0.21599622070789337
19.76,0.21613717079162598
19.77,0.21624033153057098
19.78,0.2166064828634262
19.79,0.2170392870903015
19.8,0.2174055278301239
19.81,0.21776200830936432
19.82,0.2181537002325058
19.83,0.2186322808265686
19.84,0.21911174058914185
19.85,0.219594344496727
19.86,0.2200727015733719
19.87,0.22056128084659576
19.88,0.2211025357246399
19.89,0.2216561883687973
19.9,0.222123920917511
19.91,0.22265735268592834
19.92,0.22321419417858124
19.93,0.2237939089536667
19.94,0.22446106374263763
19.95,0.22503231465816498
19.96,0.22542306780815125
19.97,0.22573025524616241
19.98,0.22636616230010986
19.99,0.22686396539211273
20,0.22736679017543793
20.01,0.2278360277414322
20.02,0.22821103036403656
20.03,0.22853390872478485
20.04,0.22891734540462494
20.05,0.22920650243759155
20.06,0.22946809232234955
20.07,0.22979526221752167
20.08,0.23001626133918762
20.09,0.2302229404449463
20.1,0.2303784042596817
20.11,0.2304728478193283
20.12,0.23049311339855194
20.13,0.23045934736728668
20.14,0.23046940565109253
20.15,0.23047269880771637
20.16,0.23043181002140045
20.17,0.23028907179832458
20.18,0.2300613671541214
20.19,0.22988702356815338
20.2,0.2297169268131256
20.21,0.2294190526008606
20.22,0.22903916239738464
20.23,0.22867056727409363
20.24,0.2283431738615036
20.25,0.22804757952690125
20.26,0.22761747241020203
20.27,0.22718416154384613
20.28,0.22672785818576813
20.29,0.22624148428440094
20.3,0.22578385472297668
20.31,0.22530235350131989
20.32,0.2247834950685501
20.33,0.22425666451454163
20.34,0.2237488329410553
20.35,0.22331781685352325
20.36,0.22282825410366058
20.37,0.22225581109523773
20.38,0.2217274159193039
20.39,0.22126075625419617
20.4,0.2208406776189804
20.41,0.22035546600818634
20.42,0.21990273892879486
20.43,0.2194809913635254
20.44,0.2189905196428299
20.45,0.21856531500816345
20.46,0.21827366948127747
20.47,0.2180304378271103
20.48,0.21768777072429657
20.49,0.21733812987804413
20.5,0.21711282432079315
20.51,0.21697159111499786
20.52,0.21684259176254272
20.53,0.21671798825263977
20.54,0.2165602296590805
20.55,0.2164531946182251
20.56,0.21639123558998108
20.57,0.21646830439567566
20.58,0.2166081666946411
20.59,0.216727152466774
20.6,0.2167116403579712
20.61,0.2167801558971405
20.62,0.21696865558624268
20.63,0.21728037297725677
20.64,0.2175741195678711
20.65,0.21777595579624176
20.66,0.21802006661891937
20.67,0.21839949488639832
20.68,0.2187994420528412
20.69,0.2191912829875946
20.7,0.2195158749818802
20.71,0.2199404090642929
20.72,0.22037272155284882
20.73,0.2208608239889145
20.74,0.2213258445262909
20.75,0.2217753380537033
20.76,0.2221831977367401
20.77,0.2226889580488205
20.78,0.22314958274364471
20.79,0.22360435128211975
20.8,0.2240484207868576
20.81,0.224514901638031
20.82,0.22506511211395264
20.83,0.22555190324783325
20.84,0.2259117215871811
20.85,0.22627416253089905
20.86,0.22666439414024353
20.87,0.22707076370716095
20.88,0.22742928564548492
20.89,0.22781416773796082
20.9,0.2280765324831009
20.91,0.2282344549894333
20.92,0.2285228818655014
20.93,0.2288525253534317
20.94,0.2290641814470291
20.95,0.22923043370246887
20.96,0.22929444909095764
20.97,0.22931040823459625
20.98,0.22933854162693024
20.99,0.2293962985277176
21,0.22946743667125702
21.01,0.22940729558467865
21.02,0.22924932837486267
21.03,0.22907784581184387
21.04,0.22891899943351746
21.05,0.22888688743114471
21.06,0.22866885364055634
21.07,0.2284296154975891
21.08,0.22816406190395355
21.09,0.2279239296913147
21.1,0.22765430808067322
21.11,0.22725726664066315
21.12,0.22694285213947296
21.13,0.22657474875450134
21.14,0.22615346312522888
21.15,0.22572113573551178
21.16,0.22532188892364502
21.17,0.2249438464641571
21.18,0.22452397644519806
21.19,0.2240951508283615
21.2,0.22365829348564148
21.21,0.22320203483104706
21.22,0.22273871302604675
21.23,0.22227679193019867
21.24,0.22184449434280396
21.25,0.221440851688385
21.26,0.22103281319141388
21.27,0.22065965831279755
21.28,0.2203144133090973
21.29,0.219889298081398
21.3,0.21950215101242065
21.31,0.21917511522769928
21.32,0.21888452768325806
21.33,0.2185971587896347
21.34,0.21832184493541718
21.35,0.21805812418460846
21.36,0.21787512302398682
21.37,0.2177269011735916
21.38,0.2176467925310135
21.39,0.2174936830997467
21.4,0.21736863255500793
21.41,0.2172921895980835
21.42,0.2172263115644455
21.43,0.2173621654510498
21.44,0.2174028605222702
21.45,0.2174583226442337
21.46,0.21753084659576416
21.47,0.21762655675411224
21.48,0.21785235404968262
21.49,0.21806217730045319
21.5,0.21829576790332794
21.51,0.2185426652431488
21.52,0.2187688648700714
21.53,0.2190716713666916
21.54,0.21935297548770905
21.55,0.21971671283245087
21.56,0.22004947066307068
21.57,0.22041156888008118
21.58,0.22077897191047668
21.59,0.22109903395175934
21.6,0.22150947153568268
21.61,0.2219211906194687
21.62,0.222389355301857
21.63,0.22281068563461304
21.64,0.22315439581871033
21.65,0.2234978824853897
21.66,0.22388125956058502
21.67,0.2242872714996338
21.68,0.2247530221939087
21.69,0.22517746686935425
21.7,0.2255108803510666
21.71,0.22586381435394287
21.72,0.22623856365680695
21.73,0.22654956579208374
21.74,0.22677244246006012
21.75,0.22707311809062958
21.76,0.22734346985816956
21.77,0.22760610282421112
21.78,0.2277831882238388
21.79,0.22798001766204834
21.8,0.22813984751701355
21.81,0.22829154133796692
21.82,0.22839483618736267
21.83,0.2284565269947052
21.84,0.22847791016101837
21.85,0.2284642606973648
21.86,0.2284594476222992
21.87,0.2284068465232849
21.88,0.22835634648799896
21.89,0.2282835692167282
21.9,0.2281755805015564
21.91,0.22802706062793732
21.92,0.22781963646411896
21.93,0.22758479416370392
21.94,0.2274184226989746
21.95,0.2271653413772583
21.96,0.2268742173910141
21.97,0.22659370303153992
21.98,0.22622473537921906
21.99,0.2259082943201065
22,0.2255932092666626
22.01,0.22524677217006683
22.02,0.22487151622772217
22.03,0.22451181709766388
22.04,0.22414442896842957
22.05,0.2237478792667389
22.06,0.2233652025461197
22.07,0.22300295531749725
22.08,0.2226952612400055
22.09,0.22231055796146393
22.1,0.22185423970222473
22.11,0.2214338183403015
22.12,0.2211645245552063
22.13,0.22085930407047272
22.14,0.220549076795578
22.15,0.22021187841892242
22.16,0.21983200311660767
22.17,0.2195364534854889
22.18,0.21928876638412476
22.19,0.21907761693000793
22.2,0.21888387203216553
22.21,0.21871675550937653
22.22,0.21852008998394012
22.23,0.21838310360908508
22.24,0.21830183267593384
22.25,0.21822114288806915
22.26,0.21806290745735168
22.27,0.21799273788928986
22.28,0.21807771921157837
22.29,0.21812455356121063
22.3,0.2181263267993927
22.31,0.2180185168981552
22.32,0.21825072169303894
22.33,0.21846912801265717
22.34,0.2186490297317505
22.35,0.21880783140659332
22.36,0.2189430296421051
22.37,0.2191397100687027
22.38,0.2192971259355545
22.39,0.2195795476436615
22.4,0.21993762254714966
22.41,0.22031079232692719
22.42,0.2205493003129959
22.43,0.22082452476024628
22.44,0.2210618406534195
22.45,0.2214614450931549
22.46,0.22186565399169922
22.47,0.22215302288532257
22.48,0.2225107103586197
22.49,0.22292190790176392
22.5,0.22330805659294128
22.51,0.22360996901988983
22.52,0.22389519214630127
22.53,0.22423851490020752
22.54,0.22456786036491394
22.55,0.22490596771240234
22.56,0.2252497524023056
22.57,0.2255791574716568
22.58,0.22587786614894867
22.59,0.2261255383491516
22.6,0.22635315358638763
22.61,0.22658470273017883
22.62,0.22679653763771057
22.63,0.22696331143379211
22.64,0.22715304791927338
22.65,0.22731660306453705
22.66,0.22746048867702484
22.67,0.227574422955513
22.68,0.2276003062725067
22.69,0.22767174243927002
22.7,0.22771184146404266
22.71,0.22773683071136475
22.72,0.2277050018310547
22.73,0.22760894894599915
22.74,0.22755667567253113
22.75,0.22745272517204285
22.76,0.2273070216178894
22.77,0.22714863717556
22.78,0.22706185281276703
22.79,0.22684700787067413
22.8,0.2266223281621933
22.81,0.22643262147903442
22.82,0.22622311115264893
22.83,0.22596324980258942
22.84,0.22567738592624664
22.85,0.22536662220954895
22.86,0.22502033412456512
22.87,0.2246578484773636
22.88,0.22440239787101746
22.89,0.22408688068389893
22.9,0.2237502634525299
22.91,0.22349269688129425
22.92,0.22317977249622345
22.93,0.2228345274925232
22.94,0.22243595123291016
22.95,0.2221461981534958
22.96,0.22175396978855133
22.97,0.22145001590251923
22.98,0.22120101749897003
22.99,0.2209937423467636
23,0.22071819007396698
23.01,0.2203667312860489
23.02,0.22006537020206451
23.03,0.21982227265834808
23.04,0.2195877730846405
23.05,0.2195335328578949
23.06,0.21935735642910004
23.07,0.21921832859516144
23.08,0.21902714669704437
23.09,0.21894331276416779
23.1,0.21881572902202606
23.11,0.21874988079071045
23.12,0.218742236495018
23.13,0.21869386732578278
23.14,0.2186979353427887
23.15,0.21875913441181183
23.16,0.21879306435585022
23.17,0.21880707144737244
23.18,0.2189645767211914
23.19,0.21907857060432434
23.2,0.21918272972106934
23.21,0.21934612095355988
23.22,0.21959935128688812
23.23,0.21983569860458374
23.24,0.2199467420578003
23.25,0.22011861205101013
23.26,0.22042113542556763
23.27,0.22073079645633698
23.28,0.22099530696868896
23.29,0.22124454379081726
23.3,0.22153423726558685
23.31,0.22186046838760376
23.32,0.2221554070711136
23.33,0.22241871058940887
23.34,0.22269073128700256
23.35,0.22300340235233307
23.36,0.22333240509033203
23.37,0.2236844152212143
23.38,0.22400374710559845
23.39,0.2242935746908188
23.4,0.22451506555080414
23.41,0.22481220960617065
23.42,0.2250678986310959
23.43,0.22531864047050476
23.44,0.2255411595106125
23.45,0.22574087977409363
23.46,0.22600547969341278
23.47,0.22622759640216827
23.48,0.22639155387878418
23.49,0.22653228044509888
23.5,0.22659516334533691
23.51,0.22671031951904297
23.52,0.22685615718364716
23.53,0.22693991661071777
23.54,0.22698195278644562
23.55,0.2269831895828247
23.56,0.22699537873268127
23.57,0.22698096930980682
23.58,0.22695940732955933
23.59,0.22691427171230316
23.6,0.22683438658714294
23.61,0.22675980627536774
23.62,0.22663770616054535
23.63,0.22645042836666107
23.64,0.2262927144765854
23.65,0.2261376678943634
23.66,0.2259821742773056
23.67,0.22575777769088745
23.68,0.2254924774169922
23.69,0.22524678707122803
23.7,0.2250065803527832
23.71,0.22476021945476532
23.72,0.2245156168937683
23.73,0.22426913678646088
23.74,0.22401389479637146
23.75,0.22370170056819916
23.76,0.22335827350616455
23.77,0.22300389409065247
23.78,0.22273984551429749
23.79,0.22257007658481598
23.8,0.22228500247001648
23.81,0.22209510207176208
23.82,0.22177249193191528
23.83,0.22146637737751007
23.84,0.22122207283973694
23.85,0.2209913730621338
23.86,0.22077906131744385
23.87,0.22050318121910095
23.88,0.22022198140621185
23.89,0.22012141346931458
23.9,0.22004106640815735
23.91,0.2198612093925476
23.92,0.2196924090385437
23.93,0.2195989340543747
23.94,0.21948739886283875
23.95,0.219366654753685
23.96,0.21933148801326752
23.97,0.21929234266281128
23.98,0.21922290325164795
23.99,0.21921443939208984
24,0.2192346453666687
24.01,0.2193184345960617
24.02,0.2194100022315979
24.03,0.21949587762355804
24.04,0.21954788267612457
24.05,0.21960650384426117
24.06,0.21976260840892792
24.07,0.2199466973543167
24.08,0.22012688219547272
24.09,0.2203468382358551
24.1,0.22057335078716278
24.11,0.2207336127758026
24.12,0.2209099978208542
24.13,0.22107113897800446
24.14,0.22126956284046173
24.15,0.2216293215751648
24.16,0.22191612422466278
24.17,0.22211270034313202
24.18,0.2223401814699173
24.19,0.22255253791809082
24.2,0.22282378375530243
24.21,0.2231055051088333
24.22,0.22339975833892822
24.23,0.22370176017284393
24.24,0.2239900827407837
24.25,0.22421811521053314
24.26,0.22439423203468323
24.27,0.2246016412973404
24.28,0.2248646318912506
24.29,0.22511407732963562
24.3,0.22526350617408752
24.31,0.2254694104194641
24.32,0.22562848031520844
24.33,0.22578643262386322
24.34,0.22593525052070618
24.35,0.22606812417507172
24.36,0.22615046799182892
24.37,0.22624647617340088
24.38,0.2262844741344452
24.39,0.22630958259105682
24.4,0.22635836899280548
24.41,0.22635972499847412
24.42,0.22635525465011597
24.43,0.22631554305553436
24.44,0.22625155746936798
24.45,0.22621499001979828
24.46,0.22617127001285553
24.47,0.22610998153686523
24.48,0.22601564228534698
24.49,0.22584445774555206
24.5,0.22563999891281128
24.51,0.22547601163387299
24.52,0.22532616555690765
24.53,0.22517246007919312
24.54,0.22497165203094482
24.55,0.22476157546043396
24.56,0.22452835738658905
24.57,0.2242724448442459
24.58,0.22408385574817657
24.59,0.22387929260730743
24.6,0.22357195615768433
24.61,0.22327835857868195
24.62,0.22306104004383087
24.63,0.22283650934696198
24.64,0.22261764109134674
24.65,0.2223675400018692
24.66,0.2221313863992691
24.67,0.2218954712152481
24.68,0.22166138887405396
24.69,0.22138771414756775
24.7,0.22115179896354675
24.71,0.22099235653877258
24.72,0.22088059782981873
24.73,0.22071507573127747
24.74,0.22056575119495392
24.75,0.22040943801403046
24.76,0.22022745013237
24.77,0.22004809975624084
24.78,0.2199193835258484
24.79,0.21986441314220428
24.8,0.2198103368282318
24.81,0.21974623203277588
24.82,0.21972733736038208
24.83,0.2197251170873642
24.84,0.21975508332252502
24.85,0.2197416126728058
24.86,0.21973873674869537
24.87,0.21977126598358154
24.88,0.21981345117092133
24.89,0.21993856132030487
24.9,0.2200634926557541
24.91,0.22014941275119781
24.92,0.2202426940202713
24.93,0.22042931616306305
24.94,0.22057276964187622
24.95,0.2207798808813095
24.96,0.22093819081783295
24.97,0.22110062837600708
24.98,0.22126612067222595
24.99,0.22148190438747406
25,0.22174303233623505
25.01,0.22197672724723816
25.02,0.22218403220176697
25.03,0.2224017083644867
25.04,0.22264859080314636
25.05,0.2228819727897644
25.06,0.22303986549377441
25.07,0.22324636578559875
25.08,0.22347742319107056
25.09,0.22373244166374207
25.1,0.2239876538515091
25.11,0.22419099509716034
25.12,0.22436170279979706
25.13,0.22451335191726685
25.14,0.22466418147087097
25.15,0.22485731542110443
25.16,0.22505061328411102
25.17,0.22520215809345245
25.18,0.22529245913028717
25.19,0.22543692588806152
25.2,0.22548705339431763
25.21,0.22551997005939484
25.22,0.225636288523674
25.23,0.22571013867855072
25.24,0.22576776146888733
25.25,0.22580590844154358
25.26,0.22581717371940613
25.27,0.22580409049987793
25.28,0.22579212486743927
25.29,0.22572052478790283
25.3,0.22556732594966888
25.31,0.22554300725460052
25.32,0.22548048198223114
25.33,0.22543105483055115
25.34,0.225288987159729
25.35,0.22514581680297852
25.36,0.22501888871192932
25.37,0.2248971164226532
25.38,0.22480474412441254
25.39,0.2246142327785492
25.4,0.224325492978096
25.41,0.22412602603435516
25.42,0.22391504049301147
25.43,0.22384576499462128
25.44,0.22364185750484467
25.45,0.22342301905155182
25.46,0.2231590449810028
25.47,0.22294288873672485
25.48,0.22277137637138367
25.49,0.22260311245918274
25.5,0.22238649427890778
25.51,0.222136452794075
25.52,0.2218795269727707
25.53,0.22167904675006866
25.54,0.2215486615896225
25.55,0.2214243859052658
25.56,0.22123171389102936
25.57,0.22103844583034515
25.58,0.22083662450313568
25.59,0.22072909772396088
25.6,0.22062337398529053
25.61,0.2205081284046173
25.62,0.22038616240024567
25.63,0.22023050487041473
25.64,0.22015368938446045
25.65,0.2201395332813263
25.66,0.22012564539909363
25.67,0.22012116014957428
25.68,0.22009289264678955
25.69,0.22002512216567993
25.7,0.2200053185224533
25.71,0.22008000314235687
25.72,0.22015433013439178
25.73,0.22022293508052826
25.74,0.22028987109661102
25.75,0.22034716606140137
25.76,0.22042934596538544
25.77,0.22053475677967072
25.78,0.2206822633743286
25.79,0.220843106508255
25.8,0.22095456719398499
25.81,0.22110354900360107
25.82,0.22126764059066772
25.83,0.22146260738372803
25.84,0.22163154184818268
25.85,0.22177040576934814
25.86,0.22202464938163757
25.87,0.22218863666057587
25.88,0.22235007584095
25.89,0.22248835861682892
25.9,0.2227354794740677
25.91,0.22294823825359344
25.92,0.2231443226337433
25.93,0.2233128547668457
25.94,0.22349350154399872
25.95,0.22370216250419617
25.96,0.22388316690921783
25.97,0.22405819594860077
25.98,0.22421763837337494
25.99,0.22433817386627197
26,0.22448523342609406
26.01,0.22462411224842072
26.02,0.22473424673080444
26.03,0.22479873895645142
26.04,0.2249181568622589
26.05,0.22504380345344543
26.06,0.22514718770980835
26.07,0.22517065703868866
26.08,0.22514064610004425
26.09,0.2251657396554947
26.1,0.22523663938045502
26.11,0.22527232766151428
26.12,0.22519251704216003
26.13,0.22518807649612427
26.14,0.225233256816864
26.15,0.22518570721149445
26.16,0.22508983314037323
26.17,0.22503270208835602
26.18,0.22495397925376892
26.19,0.22486315667629242
26.2,0.22473320364952087
26.21,0.2246040552854538
26.22,0.22442708909511566
26.23,0.2242906540632248
26.24,0.22416968643665314
26.25,0.22401843965053558
26.26,0.2238488793373108
26.27,0.22371506690979004
26.28,0.22358089685440063
26.29,0.22340592741966248
26.3,0.2231830358505249
26.31,0.22300900518894196
26.32,0.2228209376335144
26.33,0.2226523607969284
26.34,0.22248876094818115
26.35,0.22230002284049988
26.36,0.2221047580242157
26.37,0.221902534365654
26.38,0.2217750996351242
26.39,0.22162345051765442
26.4,0.22145245969295502
26.41,0.22128787636756897
26.42,0.2211119830608368
26.43,0.22099994122982025
26.44,0.22094695270061493
26.45,0.22087135910987854
26.46,0.22073976695537567
26.47,0.2205885648727417
26.48,0.22050660848617554
26.49,0.22043932974338531
26.5,0.22044377028942108
26.51,0.22043396532535553
26.52,0.2204153835773468
26.53,0.22037628293037415
26.54,0.220317080616951
26.55,0.22032681107521057
26.56,0.22039532661437988
26.57,0.22047880291938782
26.58,0.22050891816616058
26.59,0.22052507102489471
26.6,0.22052860260009766
26.61,0.220598503947258
26.62,0.22077462077140808
26.63,0.22090846300125122
26.64,0.2210712879896164
26.65,0.22116948664188385
26.66,0.22121965885162354
26.67,0.22132234275341034
26.68,0.22150574624538422
26.69,0.22172001004219055
26.7,0.22188875079154968
26.71,0.2220248132944107
26.72,0.22217611968517303
26.73,0.22231310606002808
26.74,0.22245903313159943
26.75,0.22264544665813446
26.76,0.22277428209781647
26.77,0.22295361757278442
26.78,0.2231348752975464
26.79,0.22330494225025177
26.8,0.22349101305007935
26.81,0.2236555963754654
26.82,0.22375279664993286
26.83,0.22386892139911652
26.84,0.22400593757629395
26.85,0.22408688068389893
26.86,0.22417877614498138
26.87,0.22427278757095337
26.88,0.22442306578159332
26.89,0.22450527548789978
26.9,0.22454911470413208
26.91,0.22455565631389618
26.92,0.22459204494953156
26.93,0.22466795146465302
26.94,0.22471845149993896
26.95,0.22473865747451782
26.96,0.2247494012117386
26.97,0.2247319519519806
26.98,0.22470442950725555
26.99,0.22464093565940857
27,0.2246212363243103
27.01,0.22464416921138763
27.02,0.22459569573402405
27.03,0.2244785726070404
27.04,0.2243499457836151
27.05,0.22419658303260803
27.06,0.22409480810165405
27.07,0.22405505180358887
27.08,0.22396793961524963
27.09,0.22381775081157684
27.1,0.22365668416023254
27.11,0.22352313995361328
27.12,0.2234078049659729
27.13,0.22323153913021088
27.14,0.22302491962909698
27.15,0.22280260920524597
27.16,0.22269341349601746
27.17,0.22257475554943085
27.18,0.22244678437709808
27.19,0.22220349311828613
27.2,0.22215048968791962
27.21,0.22208155691623688
27.22,0.22194015979766846
27.23,0.22176267206668854
27.24,0.22154837846755981
27.25,0.22145791351795197
27.26,0.22141380608081818
27.27,0.22129932045936584
27.28,0.2211284190416336
27.29,0.22100920975208282
27.3,0.2209208905696869
27.31,0.22082965075969696
27.32,0.2207999974489212
27.33,0.22072334587574005
27.34,0.22068601846694946
27.35,0.2206229269504547
27.36,0.22061331570148468
27.37,0.22059385478496552
27.38,0.2206028252840042
27.39,0.2205873429775238
27.4,0.2206137627363205
27.41,0.2206454575061798
27.42,0.22068120539188385
27.43,0.22071515023708344
27.44,0.2207963615655899
27.45,0.22083865106105804
27.46,0.22089707851409912
27.47,0.22099575400352478
27.48,0.22105737030506134
27.49,0.22119298577308655
27.5,0.22133684158325195
27.51,0.22143425047397614
27.52,0.22154290974140167
27.53,0.22165022790431976
27.54,0.22179734706878662
27.55,0.2219388335943222
27.56,0.22200529277324677
27.57,0.22212456166744232
27.58,0.22225236892700195
27.59,0.2224273532629013
27.6,0.22258667647838593
27.61,0.2227519005537033
27.62,0.22286532819271088
27.63,0.22296878695487976
27.64,0.22305120527744293
27.65,0.22322751581668854
27.66,0.2234184741973877
27.67,0.22352953255176544
27.68,0.22360393404960632
27.69,0.2236422896385193
27.7,0.22370003163814545
27.71,0.22384342551231384
27.72,0.22399583458900452
27.73,0.22407303750514984
27.74,0.22406204044818878
27.75,0.22404435276985168
27.76,0.22403936088085175
27.77,0.2241273820400238
27.78,0.22422447800636292
27.79,0.22424758970737457
27.8,0.22427664697170258
27.81,0.22425062954425812
27.82,0.22424733638763428
27.83,0.22422067821025848
27.84,0.2242022454738617
27.85,0.22416724264621735
27.86,0.2241252213716507
27.87,0.22400516271591187
27.88,0.22393624484539032
27.89,0.22386132180690765
27.9,0.22379477322101593
27.91,0.22376114130020142
27.92,0.2236514836549759
27.93,0.22346876561641693
27.94,0.22325968742370605
27.95,0.2231687754392624
27.96,0.2231457233428955
27.97,0.22307012975215912
27.98,0.2229418158531189
27.99,0.22281304001808167
28,0.22265443205833435
28.01,0.22252389788627625
28.02,0.2224119007587433
28.03,0.22228993475437164
28.04,0.2221773862838745
28.05,0.2220664918422699
28.06,0.2219497710466385
28.07,0.22182919085025787
28.08,0.2216959297657013
28.09,0.2215811014175415
28.1,0.22149856388568878
28.11,0.221379354596138
28.12,0.2213394045829773
28.13,0.2212684452533722
28.14,0.22116124629974365
28.15,0.22107276320457458
28.16,0.2209968864917755
28.17,0.22094950079917908
28.18,0.22092708945274353
28.19,0.22088360786437988
28.2,0.2208763062953949
28.21,0.22087335586547852
28.22,0.22087614238262177
28.23,0.22085604071617126
28.24,0.22080537676811218
28.25,0.22081640362739563
28.26,0.2208518087863922
28.27,0.22090798616409302
28.28,0.22095119953155518
28.29,0.2209971398115158
28.3,0.22103258967399597
28.31,0.22107689082622528
28.32,0.22116215527057648
28.33,0.22126755118370056
28.34,0.22138211131095886
28.35,0.22144736349582672
28.36,0.22148732841014862
28.37,0.22155001759529114
28.38,0.2216765135526657
28.39,0.22186295688152313
28.4,0.22197546064853668
28.41,0.22203990817070007
28.42,0.2220981866121292
28.43,0.2222183495759964
28.44,0.22231759130954742
28.45,0.22247692942619324
28.46,0.2226722240447998
28.47,0.2227271944284439
28.48,0.22279825806617737
28.49,0.2229079157114029
28.5,0.22305350005626678
28.51,0.22317078709602356
28.52,0.2232501208782196
28.53,0.22329512238502502
28.54,0.2233601063489914
28.55,0.22343698143959045
28.56,0.22353048622608185
28.57,0.2235947996377945
28.58,0.2236441671848297
28.59,0.2236659973859787
28.6,0.22371293604373932
28.61,0.22372989356517792
28.62,0.2237851768732071
28.63,0.223845437169075
28.64,0.2238895148038864
28.65,0.2238704413175583
28.66,0.22381773591041565
28.67,0.22379612922668457
28.68,0.22376327216625214
28.69,0.2237424999475479
28.7,0.2237168699502945
28.71,0.22364136576652527
28.72,0.22363686561584473
28.73,0.22359727323055267
28.74,0.2235133796930313
28.75,0.22338655591011047
28.76,0.22329942882061005
28.77,0.22322744131088257
28.78,0.22317026555538177
28.79,0.22304782271385193
28.8,0.2229575365781784
28.81,0.22288933396339417
28.82,0.22276535630226135
28.83,0.22267206013202667
28.84,0.22257880866527557
28.85,0.22247007489204407
28.86,0.22237320244312286
28.87,0.22226259112358093
28.88,0.2221515029668808
28.89,0.2220287173986435
28.9,0.22190895676612854
28.91,0.22184041142463684
28.92,0.22180111706256866
28.93,0.22172671556472778
28.94,0.22160223126411438
28.95,0.22147171199321747
28.96,0.2214222252368927
28.97,0.22132571041584015
28.98,0.22129930555820465
28.99,0.22128649055957794
29,0.22126959264278412
29.01,0.22117336094379425
29.02,0.2210938185453415
29.03,0.22100675106048584
29.04,0.22102263569831848
29.05,0.22106750309467316
29.06,0.22106868028640747
29.07,0.22098968923091888
29.08,0.2209683358669281
29.09,0.2209835797548294
29.1,0.22101718187332153
29.11,0.22106756269931793
29.12,0.22107994556427002
29.13,0.2211182713508606
29.14,0.22119173407554626
29.15,0.22126416862010956
29.16,0.2212911993265152
29.17,0.22130756080150604
29.18,0.22139450907707214
29.19,0.22144857048988342
29.2,0.22152778506278992
29.21,0.22155091166496277
29.22,0.2216370850801468
29.23,0.22176270186901093
29.24,0.2218565195798874
29.25,0.22200077772140503
29.26,0.22202986478805542
29.27,0.2220766842365265
29.28,0.2221817672252655
29.29,0.22227518260478973
29.3,0.2223760038614273
29.31,0.22246724367141724
29.32,0.22253702580928802
29.33,0.2225223332643509
29.34,0.22258678078651428
29.35,0.22279952466487885
29.36,0.22283217310905457
29.37,0.22292715311050415
29.38,0.22303685545921326
29.39,0.22316722571849823
29.4,0.2232356071472168
29.41,0.22320184111595154
29.42,0.22318710386753082
29.43,0.22315511107444763
29.44,0.2231455147266388
29.45,0.2234080582857132
29.46,0.22346054017543793
29.47,0.2234320193529129
29.48,0.2233896553516388
29.49,0.22339919209480286
29.5,0.22340157628059387
29.51,0.22332146763801575
29.52,0.2233065664768219
29.53,0.2233707159757614
29.54,0.2233380675315857
29.55,0.22330020368099213
29.56,0.22319406270980835
29.57,0.22311867773532867
29.58,0.2230187952518463
29.59,0.22299501299858093
29.6,0.22296394407749176
29.61,0.2229456901550293
29.62,0.2229354977607727
29.63,0.2228408008813858
29.64,0.2227591723203659
29.65,0.22266007959842682
29.66,0.2225686013698578
29.67,0.22248920798301697
29.68,0.22239840030670166
29.69,0.22233177721500397
29.7,0.22227874398231506
29.71,0.2222251147031784
29.72,0.22212299704551697
29.73,0.22198963165283203
29.74,0.22193019092082977
29.75,0.22187000513076782
29.76,0.22170905768871307
29.77,0.22159543633460999
29.78,0.22155436873435974
29.79,0.22156989574432373
29.8,0.2215326726436615
29.81,0.22149208188056946
29.82,0.22142232954502106
29.83,0.221322163939476
29.84,0.22125747799873352
29.85,0.22120428085327148
29.86,0.2211407870054245
29.87,0.22115421295166016
29.88,0.22115568816661835
29.89,0.22112761437892914
29.9,0.22109408676624298
29.91,0.2210705280303955
29.92,0.22107672691345215
29.93,0.22102981805801392
29.94,0.22110174596309662
29.95,0.22115597128868103
29.96,0.22118030488491058
29.97,0.22118836641311646
29.98,0.22116619348526
29.99,0.22119644284248352
30,0.22125016152858734
30.01,0.22133028507232666
30.02,0.22138695418834686
30.03,0.22148099541664124
30.04,0.22143986821174622
30.05,0.22150512039661407
30.06,0.22155770659446716
30.07,0.22165793180465698
30.08,0.2217319905757904
30.09,0.2218436896800995
30.1,0.2219005972146988
30.11,0.22197090089321136
30.12,0.22205176949501038
30.13,0.22211381793022156
30.14,0.222184419631958
30.15,0.2222367376089096
30.16,0.2223392277956009
30.17,0.22240839898586273
30.18,0.222495898604393
30.19,0.2225486934185028
30.2,0.2226272076368332
30.21,0.22267861664295197
30.22,0.2226773500442505
30.23,0.2227448672056198
30.24,0.22277523577213287
30.25,0.2228524386882782
30.26,0.2229330837726593
30.27,0.2229675054550171
30.28,0.2230032980442047
30.29,0.2229709029197693
30.3,0.22301243245601654
30.31,0.2230825275182724
30.32,0.22309696674346924
30.33,0.22302837669849396
30.34,0.22299502789974213
30.35,0.22303318977355957
30.36,0.22301694750785828
30.37,0.2230539619922638
30.38,0.22301222383975983
30.39,0.2229302078485489
30.4,0.22288572788238525
30.41,0.22288909554481506
30.42,0.22288164496421814
30.43,0.22280478477478027
30.44,0.22271278500556946
30.45,0.2226446568965912
30.46,0.22269363701343536
30.47,0.22264216840267181
30.48,0.2225492149591446
30.49,0.22248905897140503
30.5,0.22240547835826874
30.51,0.22228235006332397
30.52,0.2222362607717514
30.53,0.22221004962921143
30.54,0.22211892902851105
30.55,0.22208034992218018
30.56,0.22201555967330933
30.57,0.22190745174884796
30.58,0.22178097069263458
30.59,0.22177931666374207
30.6,0.22176191210746765
30.61,0.2217116802930832
30.62,0.22167859971523285
30.63,0.22160474956035614
30.64,0.22154569625854492
30.65,0.22140878438949585
30.66,0.22132466733455658
30.67,0.22127793729305267
30.68,0.2212715595960617
30.69,0.2212492972612381
30.7,0.22129660844802856
30.71,0.22130519151687622
30.72,0.2211676388978958
30.73,0.22122658789157867
30.74,0.22120608389377594
30.75,0.22113226354122162
30.76,0.22115907073020935
30.77,0.2211180180311203
30.78,0.22116680443286896
30.79,0.22119024395942688
30.8,0.22124846279621124
30.81,0.2212691605091095
30.82,0.2212660163640976
30.83,0.22128185629844666
30.84,0.22127096354961395
30.85,0.2212900072336197
30.86,0.22134961187839508
30.87,0.2213992476463318
30.88,0.22144092619419098
30.89,0.22151675820350647
30.9,0.22159108519554138
30.91,0.22162151336669922
30.92,0.2216736078262329
30.93,0.22166785597801208
30.94,0.22173745930194855
30.95,0.22187413275241852
30.96,0.22191831469535828
30.97,0.22190915048122406
30.98,0.2220061719417572
30.99,0.22204995155334473
31,0.22209806740283966
31.01,0.22214475274085999
31.02,0.22222261130809784
31.03,0.22227144241333008
31.04,0.22237218916416168
31.05,0.2223833054304123
31.06,0.22244581580162048
31.07,0.2224658876657486
31.08,0.22257746756076813
31.09,0.2225717306137085
31.1,0.2225797027349472
31.11,0.22261783480644226
31.12,0.22264371812343597
31.13,0.22269278764724731
31.14,0.22267255187034607
31.15,0.22268497943878174
31.16,0.22275513410568237
31.17,0.22275158762931824
31.18,0.22267577052116394
31.19,0.2226826548576355
31.2,0.22268186509609222
31.21,0.22262266278266907
31.22,0.2226426899433136
31.23,0.22271430492401123
31.24,0.22271358966827393
31.25,0.22266380488872528
31.26,0.2225911170244217
31.27,0.2225113958120346
31.28,0.2223532646894455
31.29,0.22239552438259125
31.3,0.22234001755714417
31.31,0.22234269976615906
31.32,0.222275972366333
31.33,0.22223727405071259
31.34,0.22223667800426483
31.35,0.22218115627765656
31.36,0.2221119999885559
31.37,0.22209995985031128
31.38,0.22204919159412384
31.39,0.22193467617034912
31.4,0.2218875288963318
31.41,0.22186477482318878
31.42,0.2218809872865677
31.43,0.22179366648197174
31.44,0.2216760814189911
31.45,0.22159884870052338
31.46,0.22160974144935608
31.47,0.22156678140163422
31.48,0.2215389907360077
31.49,0.22150330245494843
31.5,0.2214662879705429
31.51,0.22138942778110504
31.52,0.22129738330841064
31.53,0.22125031054019928
31.54,0.22130058705806732
31.55,0.22129321098327637
31.56,0.22129857540130615
31.57,0.22124193608760834
31.58,0.2212102711200714
31.59,0.22121433913707733
31.6,0.22127293050289154
31.61,0.22122763097286224
31.62,0.2211776226758957
31.63,0.22120222449302673
31.64,0.22125129401683807
31.65,0.2212635576725006
31.66,0.22124901413917542
31.67,0.22129422426223755
31.68,0.22132912278175354
31.69,0.221367746591568
31.7,0.22140254080295563
31.71,0.221429705619812
31.72,0.22147206962108612
31.73,0.22149045765399933
31.74,0.22150197625160217
31.75,0.22161343693733215
31.76,0.22162112593650818
31.77,0.22165079414844513
31.78,0.221685528755188
31.79,0.2217550277709961
31.8,0.22175483405590057
31.81,0.221814826130867
31.82,0.22192883491516113
31.83,0.22196121513843536
31.84,0.22186177968978882
31.85,0.22183020412921906
31.86,0.22199605405330658
31.87,0.22212369740009308
31.88,0.2221776396036148
31.89,0.22216972708702087
31.9,0.22213426232337952
31.91,0.22219112515449524
31.92,0.22233086824417114
31.93,0.22238458693027496
31.94,0.22229893505573273
31.95,0.22229696810245514
31.96,0.22235479950904846
31.97,0.2224058359861374
31.98,0.2224535197019577
31.99,0.22248516976833344
32,0.22244088351726532
32.01,0.22239261865615845
32.02,0.22239358723163605
32.03,0.2224104404449463
32.04,0.22248786687850952
32.05,0.22243264317512512
32.06,0.2223791629076004
32.07,0.22234366834163666
32.08,0.22237807512283325
32.09,0.22239108383655548
32.1,0.22238674759864807
32.11,0.22230952978134155
32.12,0.22223788499832153
32.13,0.22221259772777557
32.14,0.2222408652305603
32.15,0.22227470576763153
32.16,0.22220955789089203
32.17,0.22214306890964508
32.18,0.22201545536518097
32.19,0.221975177526474
32.2,0.22197586297988892
32.21,0.22194015979766846
32.22,0.22186271846294403
32.23,0.22174274921417236
32.24,0.221786230802536
32.25,0.22177623212337494
32.26,0.22180598974227905
32.27,0.2217799872159958
32.28,0.22161872684955597
32.29,0.2215016782283783
32.3,0.22142480313777924
32.31,0.22151175141334534
32.32,0.22151722013950348
32.33,0.22150351107120514
32.34,0.22139595448970795
32.35,0.2213217318058014
32.36,0.22132611274719238
32.37,0.22141599655151367
32.38,0.221345454454422
32.39,0.22124899923801422
32.4,0.22116054594516754
32.41,0.22114521265029907
32.42,0.22127383947372437
32.43,0.22129906713962555
32.44,0.2212652713060379
32.45,0.22119657695293427
32.46,0.22117820382118225
32.47,0.22123321890830994
32.48,0.22130794823169708
32.49,0.2213197648525238
32.5,0.22129344940185547
32.51,0.2211724817752838
32.52,0.22124065458774567
32.53,0.2213824987411499
32.54,0.22133402526378632
32.55,0.2213369756937027
32.56,0.22135336697101593
32.57,0.22144030034542084
32.58,0.2215099185705185
32.59,0.2215561866760254
32.6,0.22155503928661346
32.61,0.22153210639953613
32.62,0.22157736122608185
32.63,0.22163888812065125
32.64,0.22172001004219055
32.65,0.22175966203212738
32.66,0.22177569568157196
32.67,0.22177205979824066
32.68,0.22177071869373322
32.69,0.22182893753051758
32.7,0.22185494005680084
32.71,0.22197973728179932
32.72,0.22195538878440857
32.73,0.22196198999881744
32.74,0.2219746708869934
32.75,0.22203479707241058
32.76,0.22207731008529663
32.77,0.22202135622501373
32.78,0.2219344526529312
32.79,0.22211220860481262
32.8,0.22212117910385132
32.81,0.2221517562866211
32.82,0.22219447791576385
32.83,0.2222554236650467
32.84,0.2222229689359665
32.85,0.22221170365810394
32.86,0.22217786312103271
32.87,0.2221907377243042
32.88,0.22218720614910126
32.89,0.22220343351364136
32.9,0.22220289707183838
32.91,0.22217005491256714
32.92,0.22211600840091705
32.93,0.2221190333366394
32.94,0.22212442755699158
32.95,0.22204163670539856
32.96,0.22204911708831787
32.97,0.22205284237861633
32.98,0.22200490534305573
32.99,0.22197899222373962
33,0.22196446359157562
33.01,0.22190295159816742
33.02,0.2218923419713974
33.03,0.22186638414859772
33.04,0.22188535332679749
33.05,0.22174355387687683
33.06,0.2217545062303543
33.07,0.22169794142246246
33.08,0.22167302668094635
33.09,0.22156411409378052
33.1,0.2215254157781601
33.11,0.22158971428871155
33.12,0.2214142084121704
33.13,0.22151660919189453
33.14,0.22143571078777313
33.15,0.22142404317855835
33.16,0.22139866650104523
33.17,0.2213921695947647
33.18,0.2213035672903061
33.19,0.2212522178888321
33.2,0.2212938517332077
33.21,0.22127646207809448
33.22,0.22122609615325928
33.23,0.22124142944812775
33.24,0.22126564383506775
33.25,0.22120727598667145
33.26,0.22120000422000885
33.27,0.22120022773742676
33.28,0.22116276621818542
33.29,0.22119447588920593
33.3,0.22114138305187225
33.31,0.22120508551597595
33.32,0.2212250530719757
33.33,0.22124435007572174
33.34,0.22125566005706787
33.35,0.2212606966495514
33.36,0.22129429876804352
33.37,0.22126756608486176
33.38,0.22114984691143036
33.39,0.2212158888578415
33.4,0.22136789560317993
33.41,0.2213934361934662
33.42,0.22138571739196777
33.43,0.22139544785022736
33.44,0.22144636511802673
33.45,0.22149913012981415
33.46,0.22153834998607635
33.47,0.22150251269340515
33.48,0.22149372100830078
33.49,0.22155986726284027
33.5,0.22154679894447327
33.51,0.22162467241287231
33.52,0.2216266691684723
33.53,0.2216816544532776
33.54,0.22170697152614594
33.55,0.2217729389667511
33.56,0.22174370288848877
33.57,0.22175538539886475
33.58,0.22177770733833313
33.59,0.22189070284366608
33.6,0.22191764414310455
33.61,0.22192524373531342
33.62,0.22186803817749023
33.63,0.2218099981546402
33.64,0.22187140583992004
33.65,0.22187122702598572
33.66,0.22183485329151154
33.67,0.2218979448080063
33.68,0.22189781069755554
33.69,0.2219403237104416
33.7,0.22202444076538086
33.71,0.22194552421569824
33.72,0.2219012975692749
33.73,0.22191141545772552
33.74,0.22191467881202698
33.75,0.22186090052127838
33.76,0.22185556590557098
33.77,0.2218879759311676
33.78,0.22184903919696808
33.79,0.22188407182693481
33.8,0.22194220125675201
33.81,0.22190794348716736
33.82,0.22183857858181
33.83,0.22174762189388275
33.84,0.22165890038013458
33.85,0.22165986895561218
33.86,0.22171656787395477
33.87,0.2216637283563614
33.88,0.2216419279575348
33.89,0.2216533124446869
33.9,0.2216307520866394
33.91,0.22157514095306396
33.92,0.22157183289527893
33.93,0.22158183157444
33.94,0.2215125411748886
33.95,0.22150935232639313
33.96,0.22143690288066864
33.97,0.22122633457183838
33.98,0.22138839960098267
33.99,0.22133931517601013
34,0.22124670445919037
34.01,0.22123807668685913
34.02,0.22122137248516083
34.03,0.22126135230064392
34.04,0.22125613689422607
34.05,0.22120091319084167
34.06,0.22119931876659393
34.07,0.22122199833393097
34.08,0.22112098336219788
34.09,0.22113342583179474
34.1,0.22113138437271118
34.11,0.22109757363796234
34.12,0.22111020982265472
34.13,0.22111152112483978
34.14,0.22117646038532257
34.15,0.2211681306362152
34.16,0.22118021547794342
34.17,0.22121672332286835
34.18,0.22125618159770966
34.19,0.2211783081293106
34.2,0.22117860615253448
34.21,0.22121134400367737
34.22,0.22122785449028015
34.23,0.22122345864772797
34.24,0.22124241292476654
34.25,0.22126896679401398
34.26,0.22129859030246735
34.27,0.22135302424430847
34.28,0.22128093242645264
34.29,0.22138552367687225
34.3,0.22139109671115875
34.31,0.22139441967010498
34.32,0.22142520546913147
34.33,0.22142572700977325
34.34,0.2214507907629013
34.35,0.22141210734844208
34.36,0.22144292294979095
34.37,0.2215488702058792
34.38,0.2216053605079651
34.39,0.22162650525569916
34.4,0.22161811590194702
34.41,0.22159089148044586
34.42,0.221626877784729
34.43,0.2216876745223999
34.44,0.22169750928878784
34.45,0.22170259058475494
34.46,0.22166571021080017
34.47,0.22163088619709015
34.48,0.22170476615428925
34.49,0.2217356115579605
34.5,0.2217208296060562
34.51,0.22173886001110077
34.52,0.22173292934894562
34.53,0.22174185514450073
34.54,0.22171376645565033
34.55,0.22171226143836975
34.56,0.22172649204730988
34.57,0.22175174951553345
34.58,0.22176602482795715
34.59,0.22173689305782318
34.6,0.22173097729682922
34.61,0.22176408767700195
34.62,0.22175616025924683
34.63,0.22170236706733704
34.64,0.22160618007183075
34.65,0.22160357236862183
34.66,0.2215975672006607
34.67,0.22160546481609344
34.68,0.221665620803833
34.69,0.22159647941589355
34.7,0.22148959338665009
34.71,0.2215622514486313
34.72,0.22154898941516876
34.73,0.22139997780323029
34.74,0.22132720053195953
34.75,0.2212730199098587
34.76,0.22138459980487823
34.77,0.2213870882987976
34.78,0.2213493436574936
34.79,0.22134386003017426
34.8,0.22133475542068481
34.81,0.22125741839408875
34.82,0.2212636023759842
34.83,0.2212589830160141
34.84,0.22121968865394592
34.85,0.22126685082912445
34.86,0.22111208736896515
34.87,0.22110719978809357
34.88,0.2211112529039383
34.89,0.2211293876171112
34.9,0.22116103768348694
34.91,0.22116833925247192
34.92,0.22116786241531372
34.93,0.2210017591714859
34.94,0.22098632156848907
34.95,0.22101446986198425
34.96,0.22104676067829132
34.97,0.22101262211799622
34.98,0.22105979919433594
34.99,0.22110243141651154
35,0.22114676237106323
35.01,0.22118628025054932
35.02,0.2211397886276245
35.03,0.22109922766685486
35.04,0.22113730013370514
35.05,0.22118417918682098
35.06,0.22115328907966614
35.07,0.22114236652851105
35.08,0.22119930386543274
35.09,0.2212168574333191
35.1,0.22125527262687683
35.11,0.22126218676567078
35.12,0.22126686573028564
35.13,0.22125543653964996
35.14,0.22123950719833374
35.15,0.2212786078453064
35.16,0.2213311493396759
35.17,0.22135959565639496
35.18,0.22136059403419495
35.19,0.22125361859798431
35.2,0.22128312289714813
35.21,0.22139959037303925
35.22,0.22139903903007507
35.23,0.22139166295528412
35.24,0.22138528525829315
35.25,0.22143489122390747
35.26,0.2214776575565338
35.27,0.2215023934841156
35.28,0.22155196964740753
35.29,0.22152085602283478
35.3,0.22150394320487976
35.31,0.22153322398662567
35.32,0.2215641438961029
35.33,0.22156952321529388
35.34,0.22153054177761078
35.35,0.2215377390384674
35.36,0.22155064344406128
35.37,0.2215886414051056
35.38,0.2216021567583084
35.39,0.22155413031578064
35.4,0.2215132862329483
35.41,0.22149920463562012
35.42,0.22151042520999908
35.43,0.22149720788002014
35.44,0.22149157524108887
35.45,0.22146588563919067
35.46,0.22143197059631348
35.47,0.2215215414762497
35.48,0.22151854634284973
35.49,0.22154638171195984
35.5,0.2215435802936554
35.51,0.22150589525699615
35.52,0.22146157920360565
35.53,0.221366286277771
35.54,0.2213279902935028
35.55,0.22133511304855347
35.56,0.22138258814811707
35.57,0.22138676047325134
35.58,0.22132229804992676
35.59,0.22127164900302887
35.6,0.22128474712371826
35.61,0.22127677500247955
35.62,0.2212671935558319
35.63,0.22122669219970703
35.64,0.22116026282310486
35.65,0.2211436927318573
35.66,0.22115018963813782
35.67,0.221181258559227
35.68,0.22115308046340942
35.69,0.22109781205654144
35.7,0.2210746854543686
35.71,0.221080482006073
35.72,0.22108866274356842
35.73,0.22110731899738312
35.74,0.22108730673789978
35.75,0.2210899293422699
35.76,0.2210751622915268
35.77,0.22109635174274445
35.78,0.2209852933883667
35.79,0.2210412621498108
35.8,0.22096049785614014
35.81,0.22104506194591522
35.82,0.2210613638162613
35.83,0.22106921672821045
35.84,0.22103238105773926
35.85,0.22097785770893097
35.86,0.2209671437740326
35.87,0.22100579738616943
35.88,0.22104619443416595
35.89,0.2210312783718109
35.9,0.22099927067756653
35.91,0.22095981240272522
35.92,0.2209365963935852
35.93,0.2210868000984192
35.94,0.22111418843269348
35.95,0.22117193043231964
35.96,0.22111620008945465
35.97,0.2210676074028015
35.98,0.22108788788318634
35.99,0.2211512327194214
36,0.22110269963741302
36.01,0.22115126252174377
36.02,0.2211659848690033
36.03,0.22117793560028076
36.04,0.22113364934921265
36.05,0.22120963037014008
36.06,0.2212420403957367
36.07,0.2212962657213211
36.08,0.22131367027759552
36.09,0.22127649188041687
36.1,0.22129543125629425
36.11,0.2213234305381775
36.12,0.2213859111070633
36.13,0.22137433290481567
36.14,0.22134503722190857
36.15,0.22136878967285156
36.16,0.22137241065502167
36.17,0.22138537466526031
36.18,0.22141419351100922
36.19,0.2213643193244934
36.2,0.2213381677865982
36.21,0.22136379778385162
36.22,0.22139520943164825
36.23,0.2214019000530243
36.24,0.22132165729999542
36.25,0.2212851345539093
36.26,0.2212817221879959
36.27,0.22147206962108612
36.28,0.22145824134349823
36.29,0.2213560789823532
36.3,0.22127819061279297
36.31,0.2212717980146408
36.32,0.2213052213191986
36.33,0.2213343232870102
36.34,0.22131705284118652
36.35,0.22125081717967987
36.36,0.22114980220794678
36.37,0.22117479145526886
36.38,0.22116239368915558
36.39,0.22112689912319183
36.4,0.22120097279548645
36.41,0.22120435535907745
36.42,0.22117026150226593
36.43,0.22115086019039154
36.44,0.22118620574474335
36.45,0.22108757495880127
36.46,0.2211024910211563
36.47,0.2210683524608612
36.48,0.22089795768260956
36.49,0.2208346277475357
36.5,0.22104512155056
36.51,0.22105401754379272
36.52,0.22104105353355408
36.53,0.22103378176689148
36.54,0.22100289165973663
36.55,0.2209152728319168
36.56,0.22087419033050537
36.57,0.2208685427904129
36.58,0.22095507383346558
36.59,0.2209533452987671
36.6,0.22098205983638763
36.61,0.2209823578596115
36.62,0.22089917957782745
36.63,0.22092732787132263
36.64,0.2208474725484848
36.65,0.2209455519914627
36.66,0.22093908488750458
36.67,0.22097459435462952
36.68,0.22095370292663574
36.69,0.22094331681728363
36.7,0.22096379101276398
36.71,0.2209635078907013
36.72,0.22096730768680573
36.73,0.2209579199552536
36.74,0.22096362709999084
36.75,0.22098363935947418
36.76,0.22102230787277222
36.77,0.22095414996147156
36.78,0.2209513634443283
36.79,0.22098292410373688
36.8,0.2209993153810501
36.81,0.22095908224582672
36.82,0.2209581732749939
36.83,0.22094537317752838
36.84,0.2210531085729599
36.85,0.22111442685127258
36.86,0.22114232182502747
36.87,0.2210613638162613
36.88,0.22106227278709412
36.89,0.22100912034511566
36.9,0.22098389267921448
36.91,0.22105981409549713
36.92,0.2212001085281372
36.93,0.22116753458976746
36.94,0.22114911675453186
36.95,0.2211756855249405
36.96,0.2211776226758957
36.97,0.221195250749588
36.98,0.22123825550079346
36.99,0.22123244404792786
37,0.22119952738285065
37.01,0.22120516002178192
37.02,0.221141055226326
37.03,0.22122430801391602
37.04,0.22126927971839905
37.05,0.22125692665576935
37.06,0.22122527658939362
37.07,0.22123193740844727
37.08,0.22125205397605896
37.09,0.22124958038330078
37.1,0.22122056782245636
37.11,0.22122184932231903
37.12,0.22119532525539398
37.13,0.22119522094726562
37.14,0.22123029828071594
37.15,0.22122469544410706
37.16,0.22116485238075256
37.17,0.22109243273735046
37.18,0.22108998894691467
37.19,0.221102774143219
37.2,0.22110839188098907
37.21,0.22111061215400696
37.22,0.22108301520347595
37.23,0.22102491557598114
37.24,0.22104977071285248
37.25,0.22102269530296326
37.26,0.22104312479496002
37.27,0.2210644781589508
37.28,0.22105908393859863
37.29,0.22098657488822937
37.3,0.2209346741437912
37.31,0.22086335718631744
37.32,0.22084210813045502
37.33,0.2208411544561386
37.34,0.22096167504787445
37.35,0.22102263569831848
37.36,0.22096775472164154
37.37,0.22091250121593475
37.38,0.22082602977752686
37.39,0.22083252668380737
37.4,0.22086811065673828
37.41,0.22089238464832306
37.42,0.22087201476097107
37.43,0.2208004593849182
37.44,0.2207963913679123
37.45,0.22087611258029938
37.46,0.22088995575904846
37.47,0.22084234654903412
37.48,0.2208642065525055
37.49,0.22083067893981934
37.5,0.22081975638866425
37.51,0.22083093225955963
37.52,0.22086511552333832
37.53,0.22084377706050873
37.54,0.22084206342697144
37.55,0.2208535224199295
37.56,0.22087737917900085
37.57,0.22084441781044006
37.58,0.2208394557237625
37.59,0.22090420126914978
37.6,0.22092291712760925
37.61,0.22087779641151428
37.62,0.22084805369377136
37.63,0.22086112201213837
37.64,0.22087644040584564
37.65,0.22092334926128387
37.66,0.2209395319223404
37.67,0.22094959020614624
37.68,0.22093908488750458
37.69,0.22098031640052795
37.7,0.22098016738891602
37.71,0.22101613879203796
37.72,0.22102603316307068
37.73,0.22100500762462616
37.74,0.22086535394191742
37.75,0.22090528905391693
37.76,0.2209642231464386
37.77,0.22100430727005005
37.78,0.2209927886724472
37.79,0.22092998027801514
37.8,0.22089499235153198
37.81,0.22094738483428955
37.82,0.22097894549369812
37.83,0.22093796730041504
37.84,0.22091233730316162
37.85,0.22096018493175507
37.86,0.22098000347614288
37.87,0.2210538536310196
37.88,0.2210092693567276
37.89,0.22094787657260895
37.9,0.22089146077632904
37.91,0.22094419598579407
37.92,0.22098881006240845
37.93,0.22101503610610962
37.94,0.22098740935325623
37.95,0.22095420956611633
37.96,0.22094188630580902
37.97,0.2209334522485733
37.98,0.22093674540519714
37.99,0.22091998159885406
38,0.22087737917900085
38.01,0.22086836397647858
38.02,0.22088679671287537
38.03,0.2209140807390213
38.04,0.2208954244852066
38.05,0.220865860581398
38.06,0.22080343961715698
38.07,0.2207932472229004
38.08,0.22080528736114502
38.09,0.22090676426887512
38.1,0.2209138125181198
38.11,0.22089631855487823
38.12,0.2208501696586609
38.13,0.22082476317882538
38.14,0.2207047939300537
38.15,0.22080478072166443
38.16,0.22081394493579865
38.17,0.22080907225608826
38.18,0.22082297503948212
38.19,0.22083505988121033
38.2,0.2208455353975296
38.21,0.2208218276500702
38.22,0.2207668572664261
38.23,0.22073198854923248
38.24,0.22075560688972473
38.25,0.22079235315322876
38.26,0.22078968584537506
38.27,0.22079694271087646
38.28,0.22075381875038147
38.29,0.22074957191944122
38.3,0.22072641551494598
38.31,0.22070631384849548
38.32,0.22066998481750488
38.33,0.22068773210048676
38.34,0.22075296938419342
38.35,0.22077472507953644
38.36,0.2207622528076172
38.37,0.22069504857063293
38.38,0.22067666053771973
38.39,0.2207103967666626
38.4,0.22073057293891907
38.41,0.22065846621990204
38.42,0.2207762449979782
38.43,0.22080934047698975
38.44,0.22079689800739288
38.45,0.22074615955352783
38.46,0.22073668241500854
38.47,0.22073596715927124
38.48,0.220811128616333
38.49,0.22084316611289978
38.5,0.22082805633544922
38.51,0.22075146436691284
38.52,0.2207055389881134
38.53,0.2208123803138733
38.54,0.22087204456329346
38.55,0.22087354958057404
38.56,0.2208668291568756
38.57,0.2208334505558014
38.58,0.22079037129878998
38.59,0.22081010043621063
38.6,0.22093616425991058
38.61,0.22095251083374023
38.62,0.2208872139453888
38.63,0.22082918882369995
38.64,0.22084499895572662
38.65,0.22089159488677979
38.66,0.22090724110603333
38.67,0.22090908885002136
38.68,0.22089192271232605
38.69,0.22084422409534454
38.7,0.22087885439395905
38.71,0.22093218564987183
38.72,0.22089830040931702
38.73,0.22086849808692932
38.74,0.22074991464614868
38.75,0.22077159583568573
38.76,0.22086456418037415
38.77,0.22086201608181
38.78,0.22083650529384613
38.79,0.22081370651721954
38.8,0.22076702117919922
38.81,0.22077396512031555
38.82,0.2208412140607834
38.83,0.2208549529314041
38.84,0.22084929049015045
38.85,0.22070656716823578
38.86,0.22069774568080902
38.87,0.22072729468345642
38.88,0.22081227600574493
38.89,0.22070249915122986
38.9,0.22068074345588684
38.91,0.22080031037330627
38.92,0.22076813876628876
38.93,0.22071629762649536
38.94,0.22068963944911957
38.95,0.220713809132576
38.96,0.22073283791542053
38.97,0.22070761024951935
38.98,0.22070224583148956
38.99,0.22069473564624786
39,0.22071148455142975
39.01,0.22069323062896729
39.02,0.22067365050315857
39.03,0.22067703306674957
39.04,0.22056953608989716
39.05,0.22056911885738373
39.06,0.22054074704647064
39.07,0.22054046392440796
39.08,0.22065144777297974
39.09,0.2206784039735794
39.1,0.22056037187576294
39.11,0.22060231864452362
39.12,0.2206280678510666
39.13,0.22061441838741302
39.14,0.22061416506767273
39.15,0.2206355780363083
39.16,0.22065947949886322
39.17,0.2205759584903717
39.18,0.22054564952850342
39.19,0.22058118879795074
39.2,0.22062261402606964
39.21,0.2206556797027588
39.22,0.22062444686889648
39.23,0.22057689726352692
39.24,0.22058695554733276
39.25,0.22064664959907532
39.26,0.22068123519420624
39.27,0.22066833078861237
39.28,0.22063636779785156
39.29,0.22060967981815338
39.3,0.22061336040496826
39.31,0.22064904868602753
39.32,0.22062689065933228
39.33,0.22052530944347382
39.34,0.22059527039527893
39.35,0.2207072377204895
39.36,0.22067518532276154
39.37,0.220662921667099
39.38,0.22058755159378052
39.39,0.22059868276119232
39.4,0.22076743841171265
39.41,0.22073982656002045
39.42,0.22070692479610443
39.43,0.22067806124687195
39.44,0.22066166996955872
39.45,0.22070366144180298
39.46,0.2207697033882141
39.47,0.220650315284729
39.48,0.22074748575687408
39.49,0.22071418166160583
39.5,0.22059482336044312
39.51,0.22060303390026093
39.52,0.22062775492668152
39.53,0.2205980271100998
39.54,0.22061818838119507
39.55,0.22074075043201447
39.56,0.2207127958536148
39.57,0.22070051729679108
39.58,0.22070668637752533
39.59,0.22074756026268005
39.6,0.22077305614948273
39.61,0.22074313461780548
39.62,0.22062458097934723
39.63,0.22058989107608795
39.64,0.22072993218898773
39.65,0.2207120954990387
39.66,0.22066982090473175
39.67,0.2206420749425888
39.68,0.22068972885608673
39.69,0.220713272690773
39.7,0.22062906622886658
39.71,0.22064588963985443
39.72,0.22068431973457336
39.73,0.22068916261196136
39.74,0.22057071328163147
39.75,0.2205701470375061
39.76,0.22057999670505524
39.77,0.2205529808998108
39.78,0.22053402662277222
39.79,0.22046084702014923
39.8,0.22043463587760925
39.81,0.22048582136631012
39.82,0.22052434086799622
39.83,0.22049687802791595
39.84,0.2204950451850891
39.85,0.2204517126083374
39.86,0.22046755254268646
39.87,0.2204619199037552
39.88,0.22046850621700287
39.89,0.2204543501138687
39.9,0.22042979300022125
39.91,0.22048456966876984
39.92,0.22049224376678467
39.93,0.22043821215629578
39.94,0.22042591869831085
39.95,0.2204636037349701
39.96,0.22049961984157562
39.97,0.2204820215702057
39.98,0.22043173015117645
39.99,0.2203805148601532
40,0.2203805148601532
